,name,long_name,name_odessa,unit,domain,strategy,dimension,index
0,containment_liq_vel_conn,liquid velocity in connections between zones,VF,[m/s],containment_connection,containment_connection,conn,
1,containment_gas_vel_conn,gas velocity in connections between zones,VG,[m/s],containment_connection,containment_connection,conn,
2,m_Cm_aerosol_dome,mass of Cm in the phase AEROSOL of the containment dome,FPSM_STA:Cm,[kg],containment_dome,containment_dome,none,
3,m_Cs_aerosol_dome,mass of Cs in the phase AEROSOL of the containment dome,FPSM_STA:Cs,[kg],containment_dome,containment_dome,none,
4,m_I_aerosol_dome,mass of I in the phase AEROSOL of the containment dome,FPSM_STA:I,[kg],containment_dome,containment_dome,none,
5,m_La_aerosol_dome,mass of La in the phase AEROSOL of the containment dome,FPSM_STA:La,[kg],containment_dome,containment_dome,none,
6,m_Mo_aerosol_dome,mass of Mo in the phase AEROSOL of the containment dome,FPSM_STA:Mo,[kg],containment_dome,containment_dome,none,
7,m_Pu_aerosol_dome,mass of Pu in the phase AEROSOL of the containment dome,FPSM_STA:Pu,[kg],containment_dome,containment_dome,none,
8,m_Ru_aerosol_dome,mass of Ru in the phase AEROSOL of the containment dome,FPSM_STA:Ru,[kg],containment_dome,containment_dome,none,
9,m_Sb_aerosol_dome,mass of Sb in the phase AEROSOL of the containment dome,FPSM_STA:Sb,[kg],containment_dome,containment_dome,none,
10,m_Sr_aerosol_dome,mass of Sr in the phase AEROSOL of the containment dome,FPSM_STA:Sr,[kg],containment_dome,containment_dome,none,
11,m_Te_aerosol_dome,mass of Te in the phase AEROSOL of the containment dome,FPSM_STA:Te,[kg],containment_dome,containment_dome,none,
12,m_Xe_aerosol_dome,mass of Xe in the phase AEROSOL of the containment dome,FPSM_STA:Xe,[kg],containment_dome,containment_dome,none,
13,m_Cm_depoareo_dome,mass of Cm in the phase DEPOAREO of the containment dome,FPSM_STA:Cm,[kg],containment_dome,containment_dome,none,
14,m_Cs_depoareo_dome,mass of Cs in the phase DEPOAREO of the containment dome,FPSM_STA:Cs,[kg],containment_dome,containment_dome,none,
15,m_I_depoareo_dome,mass of I in the phase DEPOAREO of the containment dome,FPSM_STA:I,[kg],containment_dome,containment_dome,none,
16,m_La_depoareo_dome,mass of La in the phase DEPOAREO of the containment dome,FPSM_STA:La,[kg],containment_dome,containment_dome,none,
17,m_Mo_depoareo_dome,mass of Mo in the phase DEPOAREO of the containment dome,FPSM_STA:Mo,[kg],containment_dome,containment_dome,none,
18,m_Pu_depoareo_dome,mass of Pu in the phase DEPOAREO of the containment dome,FPSM_STA:Pu,[kg],containment_dome,containment_dome,none,
19,m_Ru_depoareo_dome,mass of Ru in the phase DEPOAREO of the containment dome,FPSM_STA:Ru,[kg],containment_dome,containment_dome,none,
20,m_Sb_depoareo_dome,mass of Sb in the phase DEPOAREO of the containment dome,FPSM_STA:Sb,[kg],containment_dome,containment_dome,none,
21,m_Sr_depoareo_dome,mass of Sr in the phase DEPOAREO of the containment dome,FPSM_STA:Sr,[kg],containment_dome,containment_dome,none,
22,m_Te_depoareo_dome,mass of Te in the phase DEPOAREO of the containment dome,FPSM_STA:Te,[kg],containment_dome,containment_dome,none,
23,m_Xe_depoareo_dome,mass of Xe in the phase DEPOAREO of the containment dome,FPSM_STA:Xe,[kg],containment_dome,containment_dome,none,
24,m_Cm_gas_dome,mass of Cm in the phase GAS of the containment dome,FPSM_STA:Cm,[kg],containment_dome,containment_dome,none,
25,m_Cs_gas_dome,mass of Cs in the phase GAS of the containment dome,FPSM_STA:Cs,[kg],containment_dome,containment_dome,none,
26,m_I_gas_dome,mass of I in the phase GAS of the containment dome,FPSM_STA:I,[kg],containment_dome,containment_dome,none,
27,m_La_gas_dome,mass of La in the phase GAS of the containment dome,FPSM_STA:La,[kg],containment_dome,containment_dome,none,
28,m_Mo_gas_dome,mass of Mo in the phase GAS of the containment dome,FPSM_STA:Mo,[kg],containment_dome,containment_dome,none,
29,m_Pu_gas_dome,mass of Pu in the phase GAS of the containment dome,FPSM_STA:Pu,[kg],containment_dome,containment_dome,none,
30,m_Ru_gas_dome,mass of Ru in the phase GAS of the containment dome,FPSM_STA:Ru,[kg],containment_dome,containment_dome,none,
31,m_Sb_gas_dome,mass of Sb in the phase GAS of the containment dome,FPSM_STA:Sb,[kg],containment_dome,containment_dome,none,
32,m_Sr_gas_dome,mass of Sr in the phase GAS of the containment dome,FPSM_STA:Sr,[kg],containment_dome,containment_dome,none,
33,m_Te_gas_dome,mass of Te in the phase GAS of the containment dome,FPSM_STA:Te,[kg],containment_dome,containment_dome,none,
34,m_Xe_gas_dome,mass of Xe in the phase GAS of the containment dome,FPSM_STA:Xe,[kg],containment_dome,containment_dome,none,
35,m_Cm_liquid_dome,mass of Cm in the phase LIQUID of the containment dome,FPSM_STA:Cm,[kg],containment_dome,containment_dome,none,
36,m_Cs_liquid_dome,mass of Cs in the phase LIQUID of the containment dome,FPSM_STA:Cs,[kg],containment_dome,containment_dome,none,
37,m_I_liquid_dome,mass of I in the phase LIQUID of the containment dome,FPSM_STA:I,[kg],containment_dome,containment_dome,none,
38,m_La_liquid_dome,mass of La in the phase LIQUID of the containment dome,FPSM_STA:La,[kg],containment_dome,containment_dome,none,
39,m_Mo_liquid_dome,mass of Mo in the phase LIQUID of the containment dome,FPSM_STA:Mo,[kg],containment_dome,containment_dome,none,
40,m_Pu_liquid_dome,mass of Pu in the phase LIQUID of the containment dome,FPSM_STA:Pu,[kg],containment_dome,containment_dome,none,
41,m_Ru_liquid_dome,mass of Ru in the phase LIQUID of the containment dome,FPSM_STA:Ru,[kg],containment_dome,containment_dome,none,
42,m_Sb_liquid_dome,mass of Sb in the phase LIQUID of the containment dome,FPSM_STA:Sb,[kg],containment_dome,containment_dome,none,
43,m_Sr_liquid_dome,mass of Sr in the phase LIQUID of the containment dome,FPSM_STA:Sr,[kg],containment_dome,containment_dome,none,
44,m_Te_liquid_dome,mass of Te in the phase LIQUID of the containment dome,FPSM_STA:Te,[kg],containment_dome,containment_dome,none,
45,m_Xe_liquid_dome,mass of Xe in the phase LIQUID of the containment dome,FPSM_STA:Xe,[kg],containment_dome,containment_dome,none,
46,containment_wall_temp,wall temperature profile in containment,HTEM,[K],containment_wall,containment_wall_temp,wall_containm;wall_profile,
47,average_total_pressure,average total pressure in each zone,PRES,[Pa],containment_zone,containment_zone_ther,zone,
48,average_fluid_temperature,average fluid temperature in each zone,TFLU,[K],containment_zone,containment_zone_ther,zone,
49,average_liquid_temperature,average liquid temperature in each zone,TLIQ,[K],containment_zone,containment_zone_ther,zone,
50,amtosph_comp_xco,atmospheric composition of xco in each zone,XCO,[-],containment_zone,containment_zone_ther,zone,
51,amtosph_comp_xco2,atmospheric composition of xco2 in each zone,XCO2,[-],containment_zone,containment_zone_ther,zone,
52,amtosph_comp_xh2,atmospheric composition of xh2 in each zone,XH2,[-],containment_zone,containment_zone_ther,zone,
53,amtosph_comp_xh2o,atmospheric composition of xh2o each zone,XH2O,[-],containment_zone,containment_zone_ther,zone,
54,amtosph_comp_xn2,atmospheric composition of xn2 each zone,XN2,[-],containment_zone,containment_zone_ther,zone,
55,amtosph_comp_xo2,atmospheric composition of xo2 each zone,XO2,[-],containment_zone,containment_zone_ther,zone,
56,water_level,water level,WLEV,[m],containment_zone,containment_zone_ther,none,
57,m_magma_vessel,vessel magma mass,magma_id,[kg],vessel_general,vessel_magma_debris,mesh,
58,m_debris_0_vessel,vessel debris 0 mass,debris_id_0,[kg],vessel_general,vessel_magma_debris,mesh,
59,m_debris_1_vessel,vessel debris 1 mass,debris_id_1,[kg],vessel_general,vessel_magma_debris,mesh,
60,T_comp_clad,clad component temperature,T,[K],vessel_general,vessel_clad,component_clad,
61,m_comp_clad,clad component mass,M,[kg],vessel_general,vessel_clad,component_clad,
62,H_comp_clad,clad component enthalpy,PROP:H,[J],vessel_general,vessel_clad,component_clad,
63,T_comp_fuel,fuel component temperature,T,[K],vessel_general,vessel_fuel,component_fuel,
64,m_comp_fuel,fuel component mass,M,[kg],vessel_general,vessel_fuel,component_fuel,
65,H_comp_fuel,fuel component enthalpy,PROP:H,[J],vessel_general,vessel_fuel,component_fuel,
66,T_comp_bono,bono component temperature,T,[K],vessel_general,vessel_bono,component_bono,
67,m_comp_bono,bono component mass,M,[kg],vessel_general,vessel_bono,component_bono,
68,H_comp_bono,bono component enthalpy,PROP:H,[J],vessel_general,vessel_bono,component_bono,
69,T_comp_crod,crod component temperature,T,[K],vessel_general,vessel_crod,component_crod,
70,m_comp_crod,crod component mass,M,[kg],vessel_general,vessel_crod,component_crod,
71,H_comp_crod,crod component enthalpy,PROP:H,[J],vessel_general,vessel_crod,component_crod,
72,T_comp_clad_crod,clad_crod component temperature,T,[K],vessel_general,vessel_clad_crod,component_clad_crod,
73,m_comp_clad_crod,clad_crod component mass,M,[kg],vessel_general,vessel_clad_crod,component_clad_crod,
74,H_comp_clad_crod,clad_crod component enthalpy,PROP:H,[J],vessel_general,vessel_clad_crod,component_clad_crod,
75,T_comp_tguide,tguide component temperature,T,[K],vessel_general,vessel_tguide,component_tguide,
76,m_comp_tguide,tguide component mass,M,[kg],vessel_general,vessel_tguide,component_tguide,
77,H_comp_tguide,tguide component enthalpy,PROP:H,[J],vessel_general,vessel_tguide,component_tguide,
78,T_comp_tinst,tinst component temperature,T,[K],vessel_general,vessel_tinst,component_tinst,
79,m_comp_tinst,tinst component mass,M,[kg],vessel_general,vessel_tinst,component_tinst,
80,H_comp_tinst,tinst component enthalpy,PROP:H,[J],vessel_general,vessel_tinst,component_tinst,
81,T_comp_grid,grid component temperature,T,[K],vessel_general,vessel_grid,component_grid,
82,m_comp_grid,grid component mass,M,[kg],vessel_general,vessel_grid,component_grid,
83,H_comp_grid,grid component enthalpy,PROP:H,[J],vessel_general,vessel_grid,component_grid,
84,T_comp_LP_wall,LP_wall component temperature,T,[K],vessel_general,vessel_LP_wall,component_LP_wall,
85,m_comp_LP_wall,LP_wall component mass,M,[kg],vessel_general,vessel_LP_wall,component_LP_wall,
86,H_comp_LP_wall,LP_wall component enthalpy,PROP:H,[J],vessel_general,vessel_LP_wall,component_LP_wall,
87,T_comp_LP_corium,LP_corium component temperature,T,[K],vessel_general,vessel_LP_corium,component_LP_corium,
88,m_comp_LP_corium,LP_corium component mass,M,[kg],vessel_general,vessel_LP_corium,component_LP_corium,
89,H_comp_LP_corium,LP_corium component enthalpy,PROP:H,[J],vessel_general,vessel_LP_corium,component_LP_corium,
90,FP_A_heat,total activity in a domain,ACTISUM,[Bq],vessel_general,fp_heat_vessel,none,
91,state_clad,component state of cladding (0-4),STAT,[-],vessel_general,vessel_clad_stat,component_clad,
92,state_fuel,component state of fuel (0-4),STAT,[-],vessel_general,vessel_fuel_stat,component_fuel,
93,Q_m_liq_face,liquid mass flow rate,q_m_liq,[kg/s],vessel_face,vessel_face_ther,face,
94,V_gas_face,gas velocity in face of vessel,v_gas,[m/s],vessel_face,vessel_face_ther,face,
95,V_liq_face,liquid velocity in face of vessel,v_liq,[m/s],vessel_face,vessel_face_ther,face,
96,m_cum_H2,H2 cumulated mass produced in the core,PRODH2,[kg],vessel_general,vessel_general,none,
97,sat_core_mesh,maximum saturation in the core meshes (>=0 / <=1.0),SATUMX,[-],vessel_general,vessel_general,none,
98,m_tot_cor,corium mass in the core,TOTMAMAG,[kg],vessel_general,vessel_general,none,
99,m_tot_deb,debris mass in the core,TOTMADEB,[kg],vessel_general,vessel_general,none,
100,P_vessel,pressure in the vessel,P,[Pa],vessel_mesh,vessel_mesh_ther,mesh,
101,P_H2_vessel,pressure of hydrogen in the vessel,P_h2,[Pa],vessel_mesh,vessel_mesh_ther,mesh,
102,P_steam_vessel,pressure of steam in the vessel,P_steam,[Pa],vessel_mesh,vessel_mesh_ther,mesh,
103,T_gas_vessel,gaseous phase temperature,T_gas,[K],vessel_mesh,vessel_mesh_ther,mesh,
104,T_liq_vessel,liquid phase temperature,T_liq,[K],vessel_mesh,vessel_mesh_ther,mesh,
105,T_sat_vessel,saturation temperature,T_sat,[K],vessel_mesh,vessel_mesh_ther,mesh,
106,m_gas_vessel,mass of gaseous phase in the volume,m_gas,[kg],vessel_mesh,vessel_mesh_ther,mesh,
107,m_liq_vessel_mesh,mass of liquid phase in the volume,m_liq,[kg],vessel_mesh,vessel_mesh_ther,mesh,
108,Q_liq_vap_vessel,liquid to vapor flowrate,q_m_list,[kg/s],vessel_mesh,vessel_mesh_ther,mesh,
109,rho_gas_vessel,density of the gaseous phase in the volume,rho_gas,[kg/m3],vessel_mesh,vessel_mesh_ther,mesh,
110,rho_liq_vessel,density of the liquid phase in the volume,rho_liq,[kg/m3],vessel_mesh,vessel_mesh_ther,mesh,
111,x_alfa_vessel,void fraction,x_alfa,[-],vessel_mesh,vessel_mesh_ther,mesh,
112,porosity_vessel,porosity of the mesh with rods (without debris components),POROSITY,[-],vessel_mesh,vessel_mesh,mesh,
113,V_deb_vessel,volume proportion of the 3 debris classes,VOLFDEB,[-],vessel_mesh,vessel_mesh,mesh,
114,V_mag_vessel,volume proportion of the magma,VOLFMAG,[-],vessel_mesh,vessel_mesh,mesh,
115,V_liq_junction_ther,liquid velocity at the junction,v_liq,[m/s],primary_junction,primary_junction_ther,junction_primary,
116,V_gas_junction_ther,gas velocity at the junction,v_gas,[m/s],primary_junction,primary_junction_ther,junction_primary,
117,Q_m_liq_junction_ther,liquid mass flow rate at the junction,q_m_liq,[kg/s],primary_junction,primary_junction_ther,junction_primary,
118,T_gas_primary_volume,gas temperature,T_gas,[K],primary_volume,primary_volume_ther,volume_primary,
119,x_alfa_primary_volume,void fraction,x_alfa,[-],primary_volume,primary_volume_ther,volume_primary,
120,P_steam_primary_volume,steam partial pressure,P_steam,[Pa],primary_volume,primary_volume_ther,volume_primary,
121,P_saturation_primary_volume,saturation pressure,Psat,[Pa],primary_volume,primary_volume_ther,volume_primary,
122,P_H2_primary_volume,hydrogen partial pressure,P_h2,[Pa],primary_volume,primary_volume_ther,volume_primary,
123,P_primary_volume,total pressure,P,[Pa],primary_volume,primary_volume_ther,volume_primary,
124,m_steam_primary_volume,steam mass,m_steam,[kg],primary_volume,primary_volume_ther,volume_primary,
125,rho_liq_primary_volume,liquid density,rho_liq,[kg/m3],primary_volume,primary_volume_ther,volume_primary,
126,rho_gas_primary_volume,gas density,rho_gas,[kg/m3],primary_volume,primary_volume_ther,volume_primary,
127,m_liq_primary_volume,liquid mass,m_liq,[kg],primary_volume,primary_volume_ther,volume_primary,
128,m_gas_primary_volume,gas mass,m_gas,[kg],primary_volume,primary_volume_ther,volume_primary,
129,T_sat_primary_volume,saturation temperature,T_sat,[K],primary_volume,primary_volume_ther,volume_primary,
130,x_steam_primary_volume,void fraction of steam water,x_steam,[-],primary_volume,primary_volume_ther,volume_primary,
131,T_liq_primary_volume,liquid temperature,T_liq,[K],primary_volume,primary_volume_ther,volume_primary,
132,P_up_primary_volume,pressure above water level,P_UP,[Pa],primary_volume,primary_volume_ther,volume_primary,
133,Fp_power_wall_primary,residual power generated by PFs on the wall,fp_power,[W],primary_wall,primary_wall,wall_primary,
134,phi_wtol_wall_primary,heat flux exchanged from wall to liquid,phi_wtol,[W],primary_wall,primary_wall_ther,wall_primary,
135,phi_wtog_wall_primary,heat flux exchanged from wall to gas,phi_wtog,[W],primary_wall,primary_wall_ther,wall_primary,
136,Ts_wall_primary,wall surface temperature,Ts_wall,[K],primary_wall,primary_wall_ther,wall_primary,
137,T_wall_primary,wall temperature versus time,T_wall,[K],primary_wall,primary_wall_ther,wall_primary,
138,phi_wtoi_wall_primary,heat flux exchanged from wall to interface,phi_wtoi,[W],primary_wall,primary_wall_ther,wall_primary,
139,Ts_wall_primary_2,wall surface temperature second side,Ts_wall,[K],primary_wall,primary_wall_ther_2,wall_primary,
140,T_wall_primary_2,wall temperature versus time second side,T_wall,[K],primary_wall,primary_wall_ther_2,wall_primary,
141,V_liq_secondar_junction_ther,liquid velocity at the junction,v_liq,[m/s],secondar_junction,secondar_junction_ther,junction_secondar,
142,V_gas_secondar_junction_ther,gas velocity at the junction,v_gas,[m/s],secondar_junction,secondar_junction_ther,junction_secondar,
143,Q_m_stea_secondar_junction_ther,gas mass flow rate at the junction,q_m_stea,[kg/s],secondar_junction,secondar_junction_ther,junction_secondar,
144,Q_m_liq_secondar_junction_ther,liquid mass flow rate at the junction,q_m_liq,[kg/s],secondar_junction,secondar_junction_ther,junction_secondar,
145,T_gas_secondar_volume,gas temperature,T_gas,[K],secondar_volume,secondar_volume_ther,volume_secondar,
146,x_alfa_secondar_volume,void fraction,x_alfa,[-],secondar_volume,secondar_volume_ther,volume_secondar,
147,P_steam_secondar_volume,steam partial pressure,P_steam,[Pa],secondar_volume,secondar_volume_ther,volume_secondar,
148,P_H2_secondar_volume,hydrogen partial pressure,P_h2,[Pa],secondar_volume,secondar_volume_ther,volume_secondar,
149,P_secondar_volume,total pressure,P,[Pa],secondar_volume,secondar_volume_ther,volume_secondar,
150,m_steam_secondar_volume,mass of steam,m_steam,[kg],secondar_volume,secondar_volume_ther,volume_secondar,
151,rho_gas_secondar_volume,density of gaseous mixture,rho_gas,[kg/m3],secondar_volume,secondar_volume_ther,volume_secondar,
152,m_liq_secondar_volume,mass of liquid,m_liq,[kg],secondar_volume,secondar_volume_ther,volume_secondar,
153,T_sat_secondar_volume,saturation temperature,T_sat,[K],secondar_volume,secondar_volume_ther,volume_secondar,
154,x_alfa1_secondar_volume,void fraction of the mixture in the swollen sub-volume of the volume,x_alfa1,[-],secondar_volume,secondar_volume_ther,volume_secondar,
155,rho_liq_secondar_volume,liquid density,rho_liq,[kg/m3],secondar_volume,secondar_volume_ther,volume_secondar,
156,T_liq_secondar_volume,liquid temperature,T_liq,[K],secondar_volume,secondar_volume_ther,volume_secondar,
157,Fp_power_secondar_wall,residual power generated by PFs on the wall,fp_power,[W],secondar_wall,secondar_wall,wall_secondar,
158,T_wall_secondar_wall,wall surface temperature,T_wall,[K],secondar_wall,secondar_wall_ther,wall_secondar,
159,Ts_wall_secondar_wall,wall surface temperature,Ts_wall,[K],secondar_wall,secondar_wall_ther,wall_secondar,
160,T_wall_secondar_wall_ther_2,wall surface temperature,T_wall,[K],secondar_wall,secondar_wall_ther_2,wall_secondar,
161,Ts_wall_secondar_wall_ther_2,wall surface temperature,Ts_wall,[K],secondar_wall,secondar_wall_ther_2,wall_secondar,
162,Mwater_cum_connecti_flow,total cumulated mass of water,Mwater,[kg],connection,connection_flow,connection_flow,
163,Msteam_cum_connecti_flow,total cumulated mass of steam,SOURCE 2:FLOW 1: -1,[kg],connection,connection_flow,connection_flow,
164,Mh2_cum_connecti_flow,total cumulated mass of hydrogen,SOURCE 3:FLOW 1: -1,[kg],connection,connection_flow,connection_flow,
165,Qwater_connecti_flow,water mass flow rate,SOURCE 1:QMAV,[kg/s],connection,connection_flow,connection_flow,
166,Qsteam_connecti_flow,steam mass flow rate,SOURCE 2:QMAV,[kg/s],connection,connection_flow,connection_flow,
167,Qh2_connecti_flow,hydrogen mass flow rate,SOURCE 3:QMAV,[kg/s],connection,connection_flow,connection_flow,
168,Hwater_cum_connecti_flow,total cumulated enthalpy of water,SOURCE 1:FLOW 1:0,[J],connection,connection_flow,connection_flow,
169,Hsteam_cum_connecti_flow,total cumulated enthalpy of steam,SOURCE 2:FLOW 1:0,[J],connection,connection_flow,connection_flow,
170,Hh2_cum_connecti_flow,total cumulated enthalpy of hydrogen,SOURCE 3:FLOW 1:0,[J],connection,connection_flow,connection_flow,
171,Mwater_cum_connecti_break,total cumulated mass of water,Mwater,[kg],connection,connection_break,connection_break,
172,Msteam_cum_connecti_break,total cumulated mass of steam,SOURCE 2:FLOW 1: -1,[kg],connection,connection_break,connection_break,
173,Mh2_cum_connecti_break,total cumulated mass of hydrogen,SOURCE 3:FLOW 1: -1,[kg],connection,connection_break,connection_break,
174,Qwater_connecti_break,water mass flow rate,SOURCE 1:QMAV,[kg/s],connection,connection_break,connection_break,
175,Qsteam_connecti_break,steam mass flow rate,SOURCE 2:QMAV,[kg/s],connection,connection_break,connection_break,
176,Qh2_connecti_break,hydrogen mass flow rate,SOURCE 3:QMAV,[kg/s],connection,connection_break,connection_break,
177,Hwater_cum_connecti_break,total cumulated enthalpy of water,SOURCE 1:FLOW 1:0,[J],connection,connection_break,connection_break,
178,Hsteam_cum_connecti_break,total cumulated enthalpy of steam,SOURCE 2:FLOW 1:0,[J],connection,connection_break,connection_break,
179,Hh2_cum_connecti_break,total cumulated enthalpy of hydrogen,SOURCE 3:FLOW 1:0,[J],connection,connection_break,connection_break,
180,T_connecti_break,Mean temperature of fluid,T,[K],connection,connection_break,connection_break,
181,P_connecti_break,Mean pressure of fluid,P,[Pa],connection,connection_break,connection_break,
182,Mwater_cum_connecti_feedwater,total cumulated mass of water,Mwater,[kg],connection,connection_feedwater,connection_feedwater,
183,Qwater_connecti_feedwater,water mass flow rate,SOURCE 1:QMAV,[kg/s],connection,connection_feedwater,connection_feedwater,
184,Power_connecti_feedwater,power associated to injected water,SOURCE 1:FLOW 1:0,[W],connection,connection_feedwater,connection_feedwater,
185,T_connecti_heat,mean exchange temperature,T,[K],connection,connection_heat,connection_heat,
186,P_connecti_heat,mean exchange pressure,P,[Pa],connection,connection_heat,connection_heat,
187,Power_connecti_heat,power associated to P and T,HEAT 1:FLUX 1:0,[W],connection,connection_heat,connection_heat,
188,Qsteam_connecti_source,steam mass flow rate,SOURCE 1:QMAV,[kg/s],connection,connection_source,connection_source,
189,T_connecti_mcci,mean temperature of MCCI,T,[K],connection,connection_mcci,connection_mcci,
190,P_connecti_mcci,mean pressure of MCCI,P,[Pa],connection,connection_mcci,connection_mcci,
191,Qco_connecti_mcci,mass flow rate of CO gas,SOURCE 1:FLOW 1: -2,[kg/s],connection,connection_mcci,connection_mcci,
192,Tco_connecti_mcci,temperature of CO gas,SOURCE 1:FLOW 1: -1,[T],connection,connection_mcci,connection_mcci,
193,Pco_connecti_mcci,pressure of CO gas,SOURCE 1:FLOW 1:0,[Pa],connection,connection_mcci,connection_mcci,
194,Qco2_connecti_mcci,mass flow rate of CO2 gas,SOURCE 1:FLOW 1: -2,[kg/s],connection,connection_mcci,connection_mcci,
195,Tco2_connecti_mcci,temperature of CO2 gas,SOURCE 1:FLOW 1: -1,[T],connection,connection_mcci,connection_mcci,
196,Pco2_connecti_mcci,pressure of CO2 gas,SOURCE 1:FLOW 1:0,[Pa],connection,connection_mcci,connection_mcci,
197,Qh2_connecti_mcci,mass flow rate of H2 gas,SOURCE 1:FLOW 1: -2,[kg/s],connection,connection_mcci,connection_mcci,
198,Th2_connecti_mcci,temperature of H2 gas,SOURCE 1:FLOW 1: -1,[T],connection,connection_mcci,connection_mcci,
199,Ph2_connecti_mcci,pressure of H2 gas,SOURCE 1:FLOW 1:0,[Pa],connection,connection_mcci,connection_mcci,
200,Qsteam_connecti_mcci,mass flow rate of steam gas,SOURCE 1:FLOW 1: -2,[kg/s],connection,connection_mcci,connection_mcci,
201,Tsteam_connecti_mcci,temperature of steam gas,SOURCE 1:FLOW 1: -1,[T],connection,connection_mcci,connection_mcci,
202,Psteam_connecti_mcci,pressure of steam gas,SOURCE 1:FLOW 1:0,[Pa],connection,connection_mcci,connection_mcci,
203,Qo2_connecti_mcci,mass flow rate of O2 gas,SOURCE 1:FLOW 1: -2,[kg/s],connection,connection_mcci,connection_mcci,
204,To2_connecti_mcci,temperature of O2 gas,SOURCE 1:FLOW 1: -1,[T],connection,connection_mcci,connection_mcci,
205,Po2_connecti_mcci,pressure of O2 gas,SOURCE 1:FLOW 1:0,[Pa],connection,connection_mcci,connection_mcci,
206,H0_connecti_mcci,cumulative enthalpy transferred from cavity to containment water,HEAT 1:FLUX 1:0,[J],connection,connection_mcci,connection_mcci,
207,H1_connecti_mcci,cumulative enthalpy transferred from cavity to containment gas,HEAT 2:FLUX 1:0,[J],connection,connection_mcci,connection_mcci,
208,Q_fp_Ac_connecti_flow,mean mass flowrate of Ac,SOURCE 4:QMAV,[kg/s],connection_fp,connection_flow_fp,none,
209,m_cum_fp_Ac_connecti_flow,cumulative total mass of Ac,SOURCE 4:FLOW:0,[kg],connection_fp,connection_flow_fp,none,
210,Q_fp_Ag_connecti_flow,mean mass flowrate of Ag,SOURCE 5:QMAV,[kg/s],connection_fp,connection_flow_fp,none,
211,m_cum_fp_Ag_connecti_flow,cumulative total mass of Ag,SOURCE 5:FLOW:0,[kg],connection_fp,connection_flow_fp,none,
212,Q_fp_Am_connecti_flow,mean mass flowrate of Am,SOURCE 6:QMAV,[kg/s],connection_fp,connection_flow_fp,none,
213,m_cum_fp_Am_connecti_flow,cumulative total mass of Am,SOURCE 6:FLOW:0,[kg],connection_fp,connection_flow_fp,none,
214,Q_fp_As_connecti_flow,mean mass flowrate of As,SOURCE 7:QMAV,[kg/s],connection_fp,connection_flow_fp,none,
215,m_cum_fp_As_connecti_flow,cumulative total mass of As,SOURCE 7:FLOW:0,[kg],connection_fp,connection_flow_fp,none,
216,Q_fp_Ba_connecti_flow,mean mass flowrate of Ba,SOURCE 8:QMAV,[kg/s],connection_fp,connection_flow_fp,none,
217,m_cum_fp_Ba_connecti_flow,cumulative total mass of Ba,SOURCE 8:FLOW:0,[kg],connection_fp,connection_flow_fp,none,
218,Q_fp_Br_connecti_flow,mean mass flowrate of Br,SOURCE 9:QMAV,[kg/s],connection_fp,connection_flow_fp,none,
219,m_cum_fp_Br_connecti_flow,cumulative total mass of Br,SOURCE 9:FLOW:0,[kg],connection_fp,connection_flow_fp,none,
220,Q_fp_Cd_connecti_flow,mean mass flowrate of Cd,SOURCE 10:QMAV,[kg/s],connection_fp,connection_flow_fp,none,
221,m_cum_fp_Cd_connecti_flow,cumulative total mass of Cd,SOURCE 10:FLOW:0,[kg],connection_fp,connection_flow_fp,none,
222,Q_fp_Ce_connecti_flow,mean mass flowrate of Ce,SOURCE 11:QMAV,[kg/s],connection_fp,connection_flow_fp,none,
223,m_cum_fp_Ce_connecti_flow,cumulative total mass of Ce,SOURCE 11:FLOW:0,[kg],connection_fp,connection_flow_fp,none,
224,Q_fp_Cm_connecti_flow,mean mass flowrate of Cm,SOURCE 12:QMAV,[kg/s],connection_fp,connection_flow_fp,none,
225,m_cum_fp_Cm_connecti_flow,cumulative total mass of Cm,SOURCE 12:FLOW:0,[kg],connection_fp,connection_flow_fp,none,
226,Q_fp_Cs_connecti_flow,mean mass flowrate of Cs,SOURCE 13:QMAV,[kg/s],connection_fp,connection_flow_fp,none,
227,m_cum_fp_Cs_connecti_flow,cumulative total mass of Cs,SOURCE 13:FLOW:0,[kg],connection_fp,connection_flow_fp,none,
228,Q_fp_Cu_connecti_flow,mean mass flowrate of Cu,SOURCE 14:QMAV,[kg/s],connection_fp,connection_flow_fp,none,
229,m_cum_fp_Cu_connecti_flow,cumulative total mass of Cu,SOURCE 14:FLOW:0,[kg],connection_fp,connection_flow_fp,none,
230,Q_fp_Dy_connecti_flow,mean mass flowrate of Dy,SOURCE 15:QMAV,[kg/s],connection_fp,connection_flow_fp,none,
231,m_cum_fp_Dy_connecti_flow,cumulative total mass of Dy,SOURCE 15:FLOW:0,[kg],connection_fp,connection_flow_fp,none,
232,Q_fp_Er_connecti_flow,mean mass flowrate of Er,SOURCE 16:QMAV,[kg/s],connection_fp,connection_flow_fp,none,
233,m_cum_fp_Er_connecti_flow,cumulative total mass of Er,SOURCE 16:FLOW:0,[kg],connection_fp,connection_flow_fp,none,
234,Q_fp_Eu_connecti_flow,mean mass flowrate of Eu,SOURCE 17:QMAV,[kg/s],connection_fp,connection_flow_fp,none,
235,m_cum_fp_Eu_connecti_flow,cumulative total mass of Eu,SOURCE 17:FLOW:0,[kg],connection_fp,connection_flow_fp,none,
236,Q_fp_Ga_connecti_flow,mean mass flowrate of Ga,SOURCE 18:QMAV,[kg/s],connection_fp,connection_flow_fp,none,
237,m_cum_fp_Ga_connecti_flow,cumulative total mass of Ga,SOURCE 18:FLOW:0,[kg],connection_fp,connection_flow_fp,none,
238,Q_fp_Gd_connecti_flow,mean mass flowrate of Gd,SOURCE 19:QMAV,[kg/s],connection_fp,connection_flow_fp,none,
239,m_cum_fp_Gd_connecti_flow,cumulative total mass of Gd,SOURCE 19:FLOW:0,[kg],connection_fp,connection_flow_fp,none,
240,Q_fp_Ge_connecti_flow,mean mass flowrate of Ge,SOURCE 20:QMAV,[kg/s],connection_fp,connection_flow_fp,none,
241,m_cum_fp_Ge_connecti_flow,cumulative total mass of Ge,SOURCE 20:FLOW:0,[kg],connection_fp,connection_flow_fp,none,
242,Q_fp_Ho_connecti_flow,mean mass flowrate of Ho,SOURCE 21:QMAV,[kg/s],connection_fp,connection_flow_fp,none,
243,m_cum_fp_Ho_connecti_flow,cumulative total mass of Ho,SOURCE 21:FLOW:0,[kg],connection_fp,connection_flow_fp,none,
244,Q_fp_I_connecti_flow,mean mass flowrate of I,SOURCE 22:QMAV,[kg/s],connection_fp,connection_flow_fp,none,
245,m_cum_fp_I_connecti_flow,cumulative total mass of I,SOURCE 22:FLOW:0,[kg],connection_fp,connection_flow_fp,none,
246,Q_fp_In_connecti_flow,mean mass flowrate of In,SOURCE 23:QMAV,[kg/s],connection_fp,connection_flow_fp,none,
247,m_cum_fp_In_connecti_flow,cumulative total mass of In,SOURCE 23:FLOW:0,[kg],connection_fp,connection_flow_fp,none,
248,Q_fp_Kr_connecti_flow,mean mass flowrate of Kr,SOURCE 24:QMAV,[kg/s],connection_fp,connection_flow_fp,none,
249,m_cum_fp_Kr_connecti_flow,cumulative total mass of Kr,SOURCE 24:FLOW:0,[kg],connection_fp,connection_flow_fp,none,
250,Q_fp_La_connecti_flow,mean mass flowrate of La,SOURCE 25:QMAV,[kg/s],connection_fp,connection_flow_fp,none,
251,m_cum_fp_La_connecti_flow,cumulative total mass of La,SOURCE 25:FLOW:0,[kg],connection_fp,connection_flow_fp,none,
252,Q_fp_Mo_connecti_flow,mean mass flowrate of Mo,SOURCE 26:QMAV,[kg/s],connection_fp,connection_flow_fp,none,
253,m_cum_fp_Mo_connecti_flow,cumulative total mass of Mo,SOURCE 26:FLOW:0,[kg],connection_fp,connection_flow_fp,none,
254,Q_fp_Nb_connecti_flow,mean mass flowrate of Nb,SOURCE 27:QMAV,[kg/s],connection_fp,connection_flow_fp,none,
255,m_cum_fp_Nb_connecti_flow,cumulative total mass of Nb,SOURCE 27:FLOW:0,[kg],connection_fp,connection_flow_fp,none,
256,Q_fp_Nd_connecti_flow,mean mass flowrate of Nd,SOURCE 28:QMAV,[kg/s],connection_fp,connection_flow_fp,none,
257,m_cum_fp_Nd_connecti_flow,cumulative total mass of Nd,SOURCE 28:FLOW:0,[kg],connection_fp,connection_flow_fp,none,
258,Q_fp_Np_connecti_flow,mean mass flowrate of Np,SOURCE 29:QMAV,[kg/s],connection_fp,connection_flow_fp,none,
259,m_cum_fp_Np_connecti_flow,cumulative total mass of Np,SOURCE 29:FLOW:0,[kg],connection_fp,connection_flow_fp,none,
260,Q_fp_Pa_connecti_flow,mean mass flowrate of Pa,SOURCE 30:QMAV,[kg/s],connection_fp,connection_flow_fp,none,
261,m_cum_fp_Pa_connecti_flow,cumulative total mass of Pa,SOURCE 30:FLOW:0,[kg],connection_fp,connection_flow_fp,none,
262,Q_fp_Pd_connecti_flow,mean mass flowrate of Pd,SOURCE 31:QMAV,[kg/s],connection_fp,connection_flow_fp,none,
263,m_cum_fp_Pd_connecti_flow,cumulative total mass of Pd,SOURCE 31:FLOW:0,[kg],connection_fp,connection_flow_fp,none,
264,Q_fp_Pm_connecti_flow,mean mass flowrate of Pm,SOURCE 32:QMAV,[kg/s],connection_fp,connection_flow_fp,none,
265,m_cum_fp_Pm_connecti_flow,cumulative total mass of Pm,SOURCE 32:FLOW:0,[kg],connection_fp,connection_flow_fp,none,
266,Q_fp_Pr_connecti_flow,mean mass flowrate of Pr,SOURCE 33:QMAV,[kg/s],connection_fp,connection_flow_fp,none,
267,m_cum_fp_Pr_connecti_flow,cumulative total mass of Pr,SOURCE 33:FLOW:0,[kg],connection_fp,connection_flow_fp,none,
268,Q_fp_Pu_connecti_flow,mean mass flowrate of Pu,SOURCE 34:QMAV,[kg/s],connection_fp,connection_flow_fp,none,
269,m_cum_fp_Pu_connecti_flow,cumulative total mass of Pu,SOURCE 34:FLOW:0,[kg],connection_fp,connection_flow_fp,none,
270,Q_fp_Ra_connecti_flow,mean mass flowrate of Ra,SOURCE 35:QMAV,[kg/s],connection_fp,connection_flow_fp,none,
271,m_cum_fp_Ra_connecti_flow,cumulative total mass of Ra,SOURCE 35:FLOW:0,[kg],connection_fp,connection_flow_fp,none,
272,Q_fp_Rb_connecti_flow,mean mass flowrate of Rb,SOURCE 36:QMAV,[kg/s],connection_fp,connection_flow_fp,none,
273,m_cum_fp_Rb_connecti_flow,cumulative total mass of Rb,SOURCE 36:FLOW:0,[kg],connection_fp,connection_flow_fp,none,
274,Q_fp_Re_connecti_flow,mean mass flowrate of Re,SOURCE 37:QMAV,[kg/s],connection_fp,connection_flow_fp,none,
275,m_cum_fp_Re_connecti_flow,cumulative total mass of Re,SOURCE 37:FLOW:0,[kg],connection_fp,connection_flow_fp,none,
276,Q_fp_Rh_connecti_flow,mean mass flowrate of Rh,SOURCE 38:QMAV,[kg/s],connection_fp,connection_flow_fp,none,
277,m_cum_fp_Rh_connecti_flow,cumulative total mass of Rh,SOURCE 38:FLOW:0,[kg],connection_fp,connection_flow_fp,none,
278,Q_fp_Ru_connecti_flow,mean mass flowrate of Ru,SOURCE 39:QMAV,[kg/s],connection_fp,connection_flow_fp,none,
279,m_cum_fp_Ru_connecti_flow,cumulative total mass of Ru,SOURCE 39:FLOW:0,[kg],connection_fp,connection_flow_fp,none,
280,Q_fp_Sb_connecti_flow,mean mass flowrate of Sb,SOURCE 40:QMAV,[kg/s],connection_fp,connection_flow_fp,none,
281,m_cum_fp_Sb_connecti_flow,cumulative total mass of Sb,SOURCE 40:FLOW:0,[kg],connection_fp,connection_flow_fp,none,
282,Q_fp_Se_connecti_flow,mean mass flowrate of Se,SOURCE 41:QMAV,[kg/s],connection_fp,connection_flow_fp,none,
283,m_cum_fp_Se_connecti_flow,cumulative total mass of Se,SOURCE 41:FLOW:0,[kg],connection_fp,connection_flow_fp,none,
284,Q_fp_Sm_connecti_flow,mean mass flowrate of Sm,SOURCE 42:QMAV,[kg/s],connection_fp,connection_flow_fp,none,
285,m_cum_fp_Sm_connecti_flow,cumulative total mass of Sm,SOURCE 42:FLOW:0,[kg],connection_fp,connection_flow_fp,none,
286,Q_fp_Sn_connecti_flow,mean mass flowrate of Sn,SOURCE 43:QMAV,[kg/s],connection_fp,connection_flow_fp,none,
287,m_cum_fp_Sn_connecti_flow,cumulative total mass of Sn,SOURCE 43:FLOW:0,[kg],connection_fp,connection_flow_fp,none,
288,Q_fp_Sr_connecti_flow,mean mass flowrate of Sr,SOURCE 44:QMAV,[kg/s],connection_fp,connection_flow_fp,none,
289,m_cum_fp_Sr_connecti_flow,cumulative total mass of Sr,SOURCE 44:FLOW:0,[kg],connection_fp,connection_flow_fp,none,
290,Q_fp_Tb_connecti_flow,mean mass flowrate of Tb,SOURCE 45:QMAV,[kg/s],connection_fp,connection_flow_fp,none,
291,m_cum_fp_Tb_connecti_flow,cumulative total mass of Tb,SOURCE 45:FLOW:0,[kg],connection_fp,connection_flow_fp,none,
292,Q_fp_Tc_connecti_flow,mean mass flowrate of Tc,SOURCE 46:QMAV,[kg/s],connection_fp,connection_flow_fp,none,
293,m_cum_fp_Tc_connecti_flow,cumulative total mass of Tc,SOURCE 46:FLOW:0,[kg],connection_fp,connection_flow_fp,none,
294,Q_fp_Te_connecti_flow,mean mass flowrate of Te,SOURCE 47:QMAV,[kg/s],connection_fp,connection_flow_fp,none,
295,m_cum_fp_Te_connecti_flow,cumulative total mass of Te,SOURCE 47:FLOW:0,[kg],connection_fp,connection_flow_fp,none,
296,Q_fp_Th_connecti_flow,mean mass flowrate of Th,SOURCE 48:QMAV,[kg/s],connection_fp,connection_flow_fp,none,
297,m_cum_fp_Th_connecti_flow,cumulative total mass of Th,SOURCE 48:FLOW:0,[kg],connection_fp,connection_flow_fp,none,
298,Q_fp_Tl_connecti_flow,mean mass flowrate of Tl,SOURCE 49:QMAV,[kg/s],connection_fp,connection_flow_fp,none,
299,m_cum_fp_Tl_connecti_flow,cumulative total mass of Tl,SOURCE 49:FLOW:0,[kg],connection_fp,connection_flow_fp,none,
300,Q_fp_Tm_connecti_flow,mean mass flowrate of Tm,SOURCE 50:QMAV,[kg/s],connection_fp,connection_flow_fp,none,
301,m_cum_fp_Tm_connecti_flow,cumulative total mass of Tm,SOURCE 50:FLOW:0,[kg],connection_fp,connection_flow_fp,none,
302,Q_fp_U_connecti_flow,mean mass flowrate of U,SOURCE 51:QMAV,[kg/s],connection_fp,connection_flow_fp,none,
303,m_cum_fp_U_connecti_flow,cumulative total mass of U,SOURCE 51:FLOW:0,[kg],connection_fp,connection_flow_fp,none,
304,Q_fp_Xe_connecti_flow,mean mass flowrate of Xe,SOURCE 52:QMAV,[kg/s],connection_fp,connection_flow_fp,none,
305,m_cum_fp_Xe_connecti_flow,cumulative total mass of Xe,SOURCE 52:FLOW:0,[kg],connection_fp,connection_flow_fp,none,
306,Q_fp_Y_connecti_flow,mean mass flowrate of Y,SOURCE 53:QMAV,[kg/s],connection_fp,connection_flow_fp,none,
307,m_cum_fp_Y_connecti_flow,cumulative total mass of Y,SOURCE 53:FLOW:0,[kg],connection_fp,connection_flow_fp,none,
308,Q_fp_Yb_connecti_flow,mean mass flowrate of Yb,SOURCE 54:QMAV,[kg/s],connection_fp,connection_flow_fp,none,
309,m_cum_fp_Yb_connecti_flow,cumulative total mass of Yb,SOURCE 54:FLOW:0,[kg],connection_fp,connection_flow_fp,none,
310,Q_fp_Zn_connecti_flow,mean mass flowrate of Zn,SOURCE 55:QMAV,[kg/s],connection_fp,connection_flow_fp,none,
311,m_cum_fp_Zn_connecti_flow,cumulative total mass of Zn,SOURCE 55:FLOW:0,[kg],connection_fp,connection_flow_fp,none,
312,Q_fp_Zr_connecti_flow,mean mass flowrate of Zr,SOURCE 56:QMAV,[kg/s],connection_fp,connection_flow_fp,none,
313,m_cum_fp_Zr_connecti_flow,cumulative total mass of Zr,SOURCE 56:FLOW:0,[kg],connection_fp,connection_flow_fp,none,
314,Q_fp_SMAG_connecti_flow,mean mass flowrate of SMAG,SOURCE 57:QMAV,[kg/s],connection_fp,connection_flow_fp,none,
315,m_cum_fp_SMAG_connecti_flow,cumulative total mass of SMAG,SOURCE 57:FLOW:0,[kg],connection_fp,connection_flow_fp,none,
316,Q_fp_SMB_connecti_flow,mean mass flowrate of SMB,SOURCE 58:QMAV,[kg/s],connection_fp,connection_flow_fp,none,
317,m_cum_fp_SMB_connecti_flow,cumulative total mass of SMB,SOURCE 58:FLOW:0,[kg],connection_fp,connection_flow_fp,none,
318,Q_fp_SMC_connecti_flow,mean mass flowrate of SMC,SOURCE 59:QMAV,[kg/s],connection_fp,connection_flow_fp,none,
319,m_cum_fp_SMC_connecti_flow,cumulative total mass of SMC,SOURCE 59:FLOW:0,[kg],connection_fp,connection_flow_fp,none,
320,Q_fp_SMCD_connecti_flow,mean mass flowrate of SMCD,SOURCE 60:QMAV,[kg/s],connection_fp,connection_flow_fp,none,
321,m_cum_fp_SMCD_connecti_flow,cumulative total mass of SMCD,SOURCE 60:FLOW:0,[kg],connection_fp,connection_flow_fp,none,
322,Q_fp_SMCL_connecti_flow,mean mass flowrate of SMCL,SOURCE 61:QMAV,[kg/s],connection_fp,connection_flow_fp,none,
323,m_cum_fp_SMCL_connecti_flow,cumulative total mass of SMCL,SOURCE 61:FLOW:0,[kg],connection_fp,connection_flow_fp,none,
324,Q_fp_SMCR_connecti_flow,mean mass flowrate of SMCR,SOURCE 62:QMAV,[kg/s],connection_fp,connection_flow_fp,none,
325,m_cum_fp_SMCR_connecti_flow,cumulative total mass of SMCR,SOURCE 62:FLOW:0,[kg],connection_fp,connection_flow_fp,none,
326,Q_fp_SMFE_connecti_flow,mean mass flowrate of SMFE,SOURCE 63:QMAV,[kg/s],connection_fp,connection_flow_fp,none,
327,m_cum_fp_SMFE_connecti_flow,cumulative total mass of SMFE,SOURCE 63:FLOW:0,[kg],connection_fp,connection_flow_fp,none,
328,Q_fp_SMIN_connecti_flow,mean mass flowrate of SMIN,SOURCE 64:QMAV,[kg/s],connection_fp,connection_flow_fp,none,
329,m_cum_fp_SMIN_connecti_flow,cumulative total mass of SMIN,SOURCE 64:FLOW:0,[kg],connection_fp,connection_flow_fp,none,
330,Q_fp_SMMN_connecti_flow,mean mass flowrate of SMMN,SOURCE 65:QMAV,[kg/s],connection_fp,connection_flow_fp,none,
331,m_cum_fp_SMMN_connecti_flow,cumulative total mass of SMMN,SOURCE 65:FLOW:0,[kg],connection_fp,connection_flow_fp,none,
332,Q_fp_SMNI_connecti_flow,mean mass flowrate of SMNI,SOURCE 66:QMAV,[kg/s],connection_fp,connection_flow_fp,none,
333,m_cum_fp_SMNI_connecti_flow,cumulative total mass of SMNI,SOURCE 66:FLOW:0,[kg],connection_fp,connection_flow_fp,none,
334,Q_fp_SMSI_connecti_flow,mean mass flowrate of SMSI,SOURCE 67:QMAV,[kg/s],connection_fp,connection_flow_fp,none,
335,m_cum_fp_SMSI_connecti_flow,cumulative total mass of SMSI,SOURCE 67:FLOW:0,[kg],connection_fp,connection_flow_fp,none,
336,Q_fp_SMSN_connecti_flow,mean mass flowrate of SMSN,SOURCE 68:QMAV,[kg/s],connection_fp,connection_flow_fp,none,
337,m_cum_fp_SMSN_connecti_flow,cumulative total mass of SMSN,SOURCE 68:FLOW:0,[kg],connection_fp,connection_flow_fp,none,
338,Q_fp_SMZR_connecti_flow,mean mass flowrate of SMZR,SOURCE 69:QMAV,[kg/s],connection_fp,connection_flow_fp,none,
339,m_cum_fp_SMZR_connecti_flow,cumulative total mass of SMZR,SOURCE 69:FLOW:0,[kg],connection_fp,connection_flow_fp,none,
340,Q_fp_Ag_connecti_break,mean mass flowrate of Ag,SOURCE 4:QMAV,[kg/s],connection_fp,connection_break,connection_break,
341,Q_fp_Am_connecti_break,mean mass flowrate of Am,SOURCE 5:QMAV,[kg/s],connection_fp,connection_break,connection_break,
342,Q_fp_As_connecti_break,mean mass flowrate of As,SOURCE 6:QMAV,[kg/s],connection_fp,connection_break,connection_break,
343,Q_fp_B_connecti_break,mean mass flowrate of B,SOURCE 7:QMAV,[kg/s],connection_fp,connection_break,connection_break,
344,Q_fp_Ba_connecti_break,mean mass flowrate of Ba,SOURCE 8:QMAV,[kg/s],connection_fp,connection_break,connection_break,
345,Q_fp_Br_connecti_break,mean mass flowrate of Br,SOURCE 9:QMAV,[kg/s],connection_fp,connection_break,connection_break,
346,Q_fp_C_connecti_break,mean mass flowrate of C,SOURCE 10:QMAV,[kg/s],connection_fp,connection_break,connection_break,
347,Q_fp_Cd_connecti_break,mean mass flowrate of Cd,SOURCE 11:QMAV,[kg/s],connection_fp,connection_break,connection_break,
348,Q_fp_Ce_connecti_break,mean mass flowrate of Ce,SOURCE 12:QMAV,[kg/s],connection_fp,connection_break,connection_break,
349,Q_fp_Cl_connecti_break,mean mass flowrate of Cl,SOURCE 13:QMAV,[kg/s],connection_fp,connection_break,connection_break,
350,Q_fp_Cm_connecti_break,mean mass flowrate of Cm,SOURCE 14:QMAV,[kg/s],connection_fp,connection_break,connection_break,
351,Q_fp_Cr_connecti_break,mean mass flowrate of Cr,SOURCE 15:QMAV,[kg/s],connection_fp,connection_break,connection_break,
352,Q_fp_Cs_connecti_break,mean mass flowrate of Cs,SOURCE 16:QMAV,[kg/s],connection_fp,connection_break,connection_break,
353,Q_fp_Cu_connecti_break,mean mass flowrate of Cu,SOURCE 17:QMAV,[kg/s],connection_fp,connection_break,connection_break,
354,Q_fp_Eu_connecti_break,mean mass flowrate of Eu,SOURCE 18:QMAV,[kg/s],connection_fp,connection_break,connection_break,
355,Q_fp_Fe_connecti_break,mean mass flowrate of Fe,SOURCE 19:QMAV,[kg/s],connection_fp,connection_break,connection_break,
356,Q_fp_Ga_connecti_break,mean mass flowrate of Ga,SOURCE 20:QMAV,[kg/s],connection_fp,connection_break,connection_break,
357,Q_fp_Gd_connecti_break,mean mass flowrate of Gd,SOURCE 21:QMAV,[kg/s],connection_fp,connection_break,connection_break,
358,Q_fp_Ge_connecti_break,mean mass flowrate of Ge,SOURCE 22:QMAV,[kg/s],connection_fp,connection_break,connection_break,
359,Q_fp_I_connecti_break,mean mass flowrate of I,SOURCE 23:QMAV,[kg/s],connection_fp,connection_break,connection_break,
360,Q_fp_In_connecti_break,mean mass flowrate of In,SOURCE 24:QMAV,[kg/s],connection_fp,connection_break,connection_break,
361,Q_fp_Kr_connecti_break,mean mass flowrate of Kr,SOURCE 25:QMAV,[kg/s],connection_fp,connection_break,connection_break,
362,Q_fp_La_connecti_break,mean mass flowrate of La,SOURCE 26:QMAV,[kg/s],connection_fp,connection_break,connection_break,
363,Q_fp_Mn_connecti_break,mean mass flowrate of Mn,SOURCE 27:QMAV,[kg/s],connection_fp,connection_break,connection_break,
364,Q_fp_Mo_connecti_break,mean mass flowrate of Mo,SOURCE 28:QMAV,[kg/s],connection_fp,connection_break,connection_break,
365,Q_fp_Nb_connecti_break,mean mass flowrate of Nb,SOURCE 29:QMAV,[kg/s],connection_fp,connection_break,connection_break,
366,Q_fp_Nd_connecti_break,mean mass flowrate of Nd,SOURCE 30:QMAV,[kg/s],connection_fp,connection_break,connection_break,
367,Q_fp_Ni_connecti_break,mean mass flowrate of Ni,SOURCE 31:QMAV,[kg/s],connection_fp,connection_break,connection_break,
368,Q_fp_Np_connecti_break,mean mass flowrate of Np,SOURCE 32:QMAV,[kg/s],connection_fp,connection_break,connection_break,
369,Q_fp_Pd_connecti_break,mean mass flowrate of Pd,SOURCE 33:QMAV,[kg/s],connection_fp,connection_break,connection_break,
370,Q_fp_Pm_connecti_break,mean mass flowrate of Pm,SOURCE 34:QMAV,[kg/s],connection_fp,connection_break,connection_break,
371,Q_fp_Pr_connecti_break,mean mass flowrate of Pr,SOURCE 35:QMAV,[kg/s],connection_fp,connection_break,connection_break,
372,Q_fp_Pu_connecti_break,mean mass flowrate of Pu,SOURCE 36:QMAV,[kg/s],connection_fp,connection_break,connection_break,
373,Q_fp_Rb_connecti_break,mean mass flowrate of Rb,SOURCE 37:QMAV,[kg/s],connection_fp,connection_break,connection_break,
374,Q_fp_Re_connecti_break,mean mass flowrate of Re,SOURCE 38:QMAV,[kg/s],connection_fp,connection_break,connection_break,
375,Q_fp_Rh_connecti_break,mean mass flowrate of Rh,SOURCE 39:QMAV,[kg/s],connection_fp,connection_break,connection_break,
376,Q_fp_Ru_connecti_break,mean mass flowrate of Ru,SOURCE 40:QMAV,[kg/s],connection_fp,connection_break,connection_break,
377,Q_fp_Sb_connecti_break,mean mass flowrate of Sb,SOURCE 41:QMAV,[kg/s],connection_fp,connection_break,connection_break,
378,Q_fp_Se_connecti_break,mean mass flowrate of Se,SOURCE 42:QMAV,[kg/s],connection_fp,connection_break,connection_break,
379,Q_fp_Si_connecti_break,mean mass flowrate of Si,SOURCE 43:QMAV,[kg/s],connection_fp,connection_break,connection_break,
380,Q_fp_Sm_connecti_break,mean mass flowrate of Sm,SOURCE 44:QMAV,[kg/s],connection_fp,connection_break,connection_break,
381,Q_fp_Sn_connecti_break,mean mass flowrate of Sn,SOURCE 45:QMAV,[kg/s],connection_fp,connection_break,connection_break,
382,Q_fp_Sr_connecti_break,mean mass flowrate of Sr,SOURCE 46:QMAV,[kg/s],connection_fp,connection_break,connection_break,
383,Q_fp_Tc_connecti_break,mean mass flowrate of Tc,SOURCE 47:QMAV,[kg/s],connection_fp,connection_break,connection_break,
384,Q_fp_Te_connecti_break,mean mass flowrate of Te,SOURCE 48:QMAV,[kg/s],connection_fp,connection_break,connection_break,
385,Q_fp_Th_connecti_break,mean mass flowrate of Th,SOURCE 49:QMAV,[kg/s],connection_fp,connection_break,connection_break,
386,Q_fp_U_connecti_break,mean mass flowrate of U,SOURCE 50:QMAV,[kg/s],connection_fp,connection_break,connection_break,
387,Q_fp_Xe_connecti_break,mean mass flowrate of Xe,SOURCE 51:QMAV,[kg/s],connection_fp,connection_break,connection_break,
388,Q_fp_Y_connecti_break,mean mass flowrate of Y,SOURCE 52:QMAV,[kg/s],connection_fp,connection_break,connection_break,
389,Q_fp_Zn_connecti_break,mean mass flowrate of Zn,SOURCE 53:QMAV,[kg/s],connection_fp,connection_break,connection_break,
390,Q_fp_Zr_connecti_break,mean mass flowrate of Zr,SOURCE 54:QMAV,[kg/s],connection_fp,connection_break,connection_break,
391,Q_fp_Ac_connecti_break,mean mass flowrate of Ac,SOURCE 55:QMAV,[kg/s],connection_fp,connection_break,connection_break,
392,Q_fp_Dy_connecti_break,mean mass flowrate of Dy,SOURCE 56:QMAV,[kg/s],connection_fp,connection_break,connection_break,
393,Q_fp_Er_connecti_break,mean mass flowrate of Er,SOURCE 57:QMAV,[kg/s],connection_fp,connection_break,connection_break,
394,Q_fp_Ho_connecti_break,mean mass flowrate of Ho,SOURCE 58:QMAV,[kg/s],connection_fp,connection_break,connection_break,
395,Q_fp_Pa_connecti_break,mean mass flowrate of Pa,SOURCE 59:QMAV,[kg/s],connection_fp,connection_break,connection_break,
396,Q_fp_Ra_connecti_break,mean mass flowrate of Ra,SOURCE 60:QMAV,[kg/s],connection_fp,connection_break,connection_break,
397,Q_fp_Tb_connecti_break,mean mass flowrate of Tb,SOURCE 61:QMAV,[kg/s],connection_fp,connection_break,connection_break,
398,Q_fp_Tl_connecti_break,mean mass flowrate of Tl,SOURCE 62:QMAV,[kg/s],connection_fp,connection_break,connection_break,
399,Q_fp_Tm_connecti_break,mean mass flowrate of Tm,SOURCE 63:QMAV,[kg/s],connection_fp,connection_break,connection_break,
400,Q_fp_Yb_connecti_break,mean mass flowrate of Yb,SOURCE 64:QMAV,[kg/s],connection_fp,connection_break,connection_break,
401,Q_fp_I_NG_connecti_break,mean mass flowrate of I_NG,SOURCE 65:QMAV,[kg/s],connection_fp,connection_break,connection_break,
402,Q_fp_I2_connecti_break,mean mass flowrate of I2,SOURCE 66:QMAV,[kg/s],connection_fp,connection_break,connection_break,
403,Q_fp_SMAG_connecti_break,mean mass flowrate of SMAG,SOURCE 67:QMAV,[kg/s],connection_fp,connection_break,connection_break,
404,Q_fp_SMB_connecti_break,mean mass flowrate of SMB,SOURCE 68:QMAV,[kg/s],connection_fp,connection_break,connection_break,
405,Q_fp_SMC_connecti_break,mean mass flowrate of SMC,SOURCE 69:QMAV,[kg/s],connection_fp,connection_break,connection_break,
406,Q_fp_SMCD_connecti_break,mean mass flowrate of SMCD,SOURCE 70:QMAV,[kg/s],connection_fp,connection_break,connection_break,
407,Q_fp_SMCL_connecti_break,mean mass flowrate of SMCL,SOURCE 71:QMAV,[kg/s],connection_fp,connection_break,connection_break,
408,Q_fp_SMCR_connecti_break,mean mass flowrate of SMCR,SOURCE 72:QMAV,[kg/s],connection_fp,connection_break,connection_break,
409,Q_fp_SMFE_connecti_break,mean mass flowrate of SMFE,SOURCE 73:QMAV,[kg/s],connection_fp,connection_break,connection_break,
410,Q_fp_SMIN_connecti_break,mean mass flowrate of SMIN,SOURCE 74:QMAV,[kg/s],connection_fp,connection_break,connection_break,
411,Q_fp_SMMN_connecti_break,mean mass flowrate of SMMN,SOURCE 75:QMAV,[kg/s],connection_fp,connection_break,connection_break,
412,Q_fp_SMNI_connecti_break,mean mass flowrate of SMNI,SOURCE 76:QMAV,[kg/s],connection_fp,connection_break,connection_break,
413,Q_fp_SMSI_connecti_break,mean mass flowrate of SMSI,SOURCE 77:QMAV,[kg/s],connection_fp,connection_break,connection_break,
414,Q_fp_SMSN_connecti_break,mean mass flowrate of SMSN,SOURCE 78:QMAV,[kg/s],connection_fp,connection_break,connection_break,
415,Q_fp_SMZR_connecti_break,mean mass flowrate of SMZR,SOURCE 79:QMAV,[kg/s],connection_fp,connection_break,connection_break,
416,vessel_rupture_time,time of vessel rupture,TRUP,[s],global,vessel_trup,none,
417,vessel_release_time,time of vessel release,TFP,[s],global,vessel_trup,none,
418,freqsave,Saving frequency (saving at each freqsave second),freqsave,[Hz],private,private_assas_param,none,
419,opensrv,Opening percentage of SGs SRV,opensrv,[-],private,private_assas_param,none,
420,p_u5,Pressure at which containment venting occurs,p_u5,[Pa],private,private_assas_param,none,
421,t1_srv,Time that apply SRV opening percentage defined in opensrv,t1_srv,[s],private,private_assas_param,none,
422,t2_srv,Time where SRV are completely opened,t2_srv,[s],private,private_assas_param,none,
423,t_fbseb,Time that changes pressurizer valves mode in feed and bleed,t_fbseb,[s],private,private_assas_param,none,
424,t_u5,Time at which containment venting occurs,t_u5,[s],private,private_assas_param,none,
425,tcss,Instant at which containment spray system in recovered (only fo LOCA scenario),tcss,[s],private,private_assas_param,none,
426,tendcalc,Number of days after which ends the calculation (default value is 5. days),tendcalc,[s],private,private_assas_param,none,
427,tendssg2,Time at which SRV of SG2 is closed and SG2 is isolated from other ones,tendssg2,[s],private,private_assas_param,none,
428,time_end,Ending time in s of calculation (see also stop.dat in TRANS folder),time_end,[s],private,private_assas_param,none,
429,tpesp,Time at which water is injected in primary circuit (CL and HL) using PES,tpesp,[s],private,private_assas_param,none,
430,tpessg,Time at which water is injected in steam generators using PES,tpessg,[s],private,private_assas_param,none,
431,tsg2tr,Time at which Steam Generator tube rupture occurs in SG 2,tsg2tr,[s],private,private_assas_param,none,
432,macro_ts_begin,beginning of marco time step,MACROBEG,[s],cesar,cesar_io,none,
433,macro_ts_end,end of marco time step,MACROEND,[s],cesar,cesar_io,none,
434,macro_ts_duration,duration of marco time step,dtmacro,[s],cesar,cesar_io,none,
435,micro_ts_begin,beginning of micro time step,STEPBEG,[s],cesar,cesar_io,none,
436,micro_ts_end,end of micro time step,STEPEND,[s],cesar,cesar_io,none,
437,micro_ts_duration,duration of micro time step,dtfluid,[s],cesar,cesar_io,none,
438,iteration_info,iteration information,ITER,[-],cesar,cesar_io_output,none,
439,variable_prime,output variable prime,VARPRIM,[-],cesar,cesar_io_output,cesar_output,
440,conv_variable,convolution variable,CONV,[-],cesar,cesar_io,none,
441,sensor_values,sensor values,value,[-],global,sensors,sensor,
