name,long_name,name_odessa,unit,domain,strategy,dimension,index
Mwater_cum_connecti_flow,total cumulated mass of water,Mwater,[kg],connection,connection_flow,connection_flow
Msteam_cum_connecti_flow,total cumulated mass of steam,SOURCE 2:FLOW 1: -1,[kg],connection,connection_flow,connection_flow
Mh2_cum_connecti_flow,total cumulated mass of hydrogen,SOURCE 3:FLOW 1: -1,[kg],connection,connection_flow,connection_flow
Qwater_connecti_flow,water mass flow rate,SOURCE 1:QMAV,[kg/s],connection,connection_flow,connection_flow
Qsteam_connecti_flow,steam mass flow rate,SOURCE 2:QMAV,[kg/s],connection,connection_flow,connection_flow
Qh2_connecti_flow,hydrogen mass flow rate,SOURCE 3:QMAV,[kg/s],connection,connection_flow,connection_flow
Hwater_cum_connecti_flow,total cumulated enthalpy of water,SOURCE 1:FLOW 1:0,[J],connection,connection_flow,connection_flow
Hsteam_cum_connecti_flow,total cumulated enthalpy of steam,SOURCE 2:FLOW 1:0,[J],connection,connection_flow,connection_flow
Hh2_cum_connecti_flow,total cumulated enthalpy of hydrogen,SOURCE 3:FLOW 1:0,[J],connection,connection_flow,connection_flow
Mwater_cum_connecti_break,total cumulated mass of water,Mwater,[kg],connection,connection_break,connection_break
Msteam_cum_connecti_break,total cumulated mass of steam,SOURCE 2:FLOW 1: -1,[kg],connection,connection_break,connection_break
Mh2_cum_connecti_break,total cumulated mass of hydrogen,SOURCE 3:FLOW 1: -1,[kg],connection,connection_break,connection_break
Qwater_connecti_break,water mass flow rate,SOURCE 1:QMAV,[kg/s],connection,connection_break,connection_break
Qsteam_connecti_break,steam mass flow rate,SOURCE 2:QMAV,[kg/s],connection,connection_break,connection_break
Qh2_connecti_break,hydrogen mass flow rate,SOURCE 3:QMAV,[kg/s],connection,connection_break,connection_break
Hwater_cum_connecti_break,total cumulated enthalpy of water,SOURCE 1:FLOW 1:0,[J],connection,connection_break,connection_break
Hsteam_cum_connecti_break,total cumulated enthalpy of steam,SOURCE 2:FLOW 1:0,[J],connection,connection_break,connection_break
Hh2_cum_connecti_break,total cumulated enthalpy of hydrogen,SOURCE 3:FLOW 1:0,[J],connection,connection_break,connection_break
T_connecti_break,Mean temperature of fluid,T,[K],connection,connection_break,connection_break
P_connecti_break,Mean pressure of fluid,P,[Pa],connection,connection_break,connection_break
Mwater_cum_connecti_feedwater,total cumulated mass of water,Mwater,[kg],connection,connection_feedwater,connection_feedwater
Qwater_connecti_feedwater,water mass flow rate,SOURCE 1:QMAV,[kg/s],connection,connection_feedwater,connection_feedwater
Power_connecti_feedwater,power associated to injected water,SOURCE 1:FLOW 1:0,[W],connection,connection_feedwater,connection_feedwater
T_connecti_heat,mean exchange temperature,T,[K],connection,connection_heat,connection_heat
P_connecti_heat,mean exchange pressure,P,[Pa],connection,connection_heat,connection_heat
Power_connecti_heat,power associated to P and T,HEAT 1:FLUX 1:0,[W],connection,connection_heat,connection_heat
Qsteam_connecti_source,steam mass flow rate,SOURCE 1:QMAV,[kg/s],connection,connection_source,connection_source
T_connecti_mcci,mean temperature of MCCI,T,[K],connection,connection_mcci,connection_mcci
P_connecti_mcci,mean pressure of MCCI,P,[Pa],connection,connection_mcci,connection_mcci
Qco_connecti_mcci,mass flow rate of CO gas,SOURCE 1:FLOW 1: -2,[kg/s],connection,connection_mcci,connection_mcci
Tco_connecti_mcci,temperature of CO gas,SOURCE 1:FLOW 1: -1,[T],connection,connection_mcci,connection_mcci
Pco_connecti_mcci,pressure of CO gas,SOURCE 1:FLOW 1:0,[Pa],connection,connection_mcci,connection_mcci
Qco2_connecti_mcci,mass flow rate of CO2 gas,SOURCE 1:FLOW 1: -2,[kg/s],connection,connection_mcci,connection_mcci
Tco2_connecti_mcci,temperature of CO2 gas,SOURCE 1:FLOW 1: -1,[T],connection,connection_mcci,connection_mcci
Pco2_connecti_mcci,pressure of CO2 gas,SOURCE 1:FLOW 1:0,[Pa],connection,connection_mcci,connection_mcci
Qh2_connecti_mcci,mass flow rate of H2 gas,SOURCE 1:FLOW 1: -2,[kg/s],connection,connection_mcci,connection_mcci
Th2_connecti_mcci,temperature of H2 gas,SOURCE 1:FLOW 1: -1,[T],connection,connection_mcci,connection_mcci
Ph2_connecti_mcci,pressure of H2 gas,SOURCE 1:FLOW 1:0,[Pa],connection,connection_mcci,connection_mcci
Qsteam_connecti_mcci,mass flow rate of steam gas,SOURCE 1:FLOW 1: -2,[kg/s],connection,connection_mcci,connection_mcci
Tsteam_connecti_mcci,temperature of steam gas,SOURCE 1:FLOW 1: -1,[T],connection,connection_mcci,connection_mcci
Psteam_connecti_mcci,pressure of steam gas,SOURCE 1:FLOW 1:0,[Pa],connection,connection_mcci,connection_mcci
Qo2_connecti_mcci,mass flow rate of O2 gas,SOURCE 1:FLOW 1: -2,[kg/s],connection,connection_mcci,connection_mcci
To2_connecti_mcci,temperature of O2 gas,SOURCE 1:FLOW 1: -1,[T],connection,connection_mcci,connection_mcci
Po2_connecti_mcci,pressure of O2 gas,SOURCE 1:FLOW 1:0,[Pa],connection,connection_mcci,connection_mcci
H0_connecti_mcci,cumulative enthalpy transferred from cavity to containment water,HEAT 1:FLUX 1:0,[J],connection,connection_mcci,connection_mcci
H1_connecti_mcci,cumulative enthalpy transferred from cavity to containment gas,HEAT 2:FLUX 1:0,[J],connection,connection_mcci,connection_mcci
Q_fp_Ac_connecti_flow,mean mass flowrate of Ac,SOURCE 4:QMAV,[kg/s],connection_fp,connection_flow_fp,none
m_cum_fp_Ac_connecti_flow,cumulative total mass of Ac,SOURCE 4:FLOW:0,[kg],connection_fp,connection_flow_fp,none
Q_fp_Ag_connecti_flow,mean mass flowrate of Ag,SOURCE 5:QMAV,[kg/s],connection_fp,connection_flow_fp,none
m_cum_fp_Ag_connecti_flow,cumulative total mass of Ag,SOURCE 5:FLOW:0,[kg],connection_fp,connection_flow_fp,none
Q_fp_Am_connecti_flow,mean mass flowrate of Am,SOURCE 6:QMAV,[kg/s],connection_fp,connection_flow_fp,none
m_cum_fp_Am_connecti_flow,cumulative total mass of Am,SOURCE 6:FLOW:0,[kg],connection_fp,connection_flow_fp,none
Q_fp_As_connecti_flow,mean mass flowrate of As,SOURCE 7:QMAV,[kg/s],connection_fp,connection_flow_fp,none
m_cum_fp_As_connecti_flow,cumulative total mass of As,SOURCE 7:FLOW:0,[kg],connection_fp,connection_flow_fp,none
Q_fp_Ba_connecti_flow,mean mass flowrate of Ba,SOURCE 8:QMAV,[kg/s],connection_fp,connection_flow_fp,none
m_cum_fp_Ba_connecti_flow,cumulative total mass of Ba,SOURCE 8:FLOW:0,[kg],connection_fp,connection_flow_fp,none
Q_fp_Br_connecti_flow,mean mass flowrate of Br,SOURCE 9:QMAV,[kg/s],connection_fp,connection_flow_fp,none
m_cum_fp_Br_connecti_flow,cumulative total mass of Br,SOURCE 9:FLOW:0,[kg],connection_fp,connection_flow_fp,none
Q_fp_Cd_connecti_flow,mean mass flowrate of Cd,SOURCE 10:QMAV,[kg/s],connection_fp,connection_flow_fp,none
m_cum_fp_Cd_connecti_flow,cumulative total mass of Cd,SOURCE 10:FLOW:0,[kg],connection_fp,connection_flow_fp,none
Q_fp_Ce_connecti_flow,mean mass flowrate of Ce,SOURCE 11:QMAV,[kg/s],connection_fp,connection_flow_fp,none
m_cum_fp_Ce_connecti_flow,cumulative total mass of Ce,SOURCE 11:FLOW:0,[kg],connection_fp,connection_flow_fp,none
Q_fp_Cm_connecti_flow,mean mass flowrate of Cm,SOURCE 12:QMAV,[kg/s],connection_fp,connection_flow_fp,none
m_cum_fp_Cm_connecti_flow,cumulative total mass of Cm,SOURCE 12:FLOW:0,[kg],connection_fp,connection_flow_fp,none
Q_fp_Cs_connecti_flow,mean mass flowrate of Cs,SOURCE 13:QMAV,[kg/s],connection_fp,connection_flow_fp,none
m_cum_fp_Cs_connecti_flow,cumulative total mass of Cs,SOURCE 13:FLOW:0,[kg],connection_fp,connection_flow_fp,none
Q_fp_Cu_connecti_flow,mean mass flowrate of Cu,SOURCE 14:QMAV,[kg/s],connection_fp,connection_flow_fp,none
m_cum_fp_Cu_connecti_flow,cumulative total mass of Cu,SOURCE 14:FLOW:0,[kg],connection_fp,connection_flow_fp,none
Q_fp_Dy_connecti_flow,mean mass flowrate of Dy,SOURCE 15:QMAV,[kg/s],connection_fp,connection_flow_fp,none
m_cum_fp_Dy_connecti_flow,cumulative total mass of Dy,SOURCE 15:FLOW:0,[kg],connection_fp,connection_flow_fp,none
Q_fp_Er_connecti_flow,mean mass flowrate of Er,SOURCE 16:QMAV,[kg/s],connection_fp,connection_flow_fp,none
m_cum_fp_Er_connecti_flow,cumulative total mass of Er,SOURCE 16:FLOW:0,[kg],connection_fp,connection_flow_fp,none
Q_fp_Eu_connecti_flow,mean mass flowrate of Eu,SOURCE 17:QMAV,[kg/s],connection_fp,connection_flow_fp,none
m_cum_fp_Eu_connecti_flow,cumulative total mass of Eu,SOURCE 17:FLOW:0,[kg],connection_fp,connection_flow_fp,none
Q_fp_Ga_connecti_flow,mean mass flowrate of Ga,SOURCE 18:QMAV,[kg/s],connection_fp,connection_flow_fp,none
m_cum_fp_Ga_connecti_flow,cumulative total mass of Ga,SOURCE 18:FLOW:0,[kg],connection_fp,connection_flow_fp,none
Q_fp_Gd_connecti_flow,mean mass flowrate of Gd,SOURCE 19:QMAV,[kg/s],connection_fp,connection_flow_fp,none
m_cum_fp_Gd_connecti_flow,cumulative total mass of Gd,SOURCE 19:FLOW:0,[kg],connection_fp,connection_flow_fp,none
Q_fp_Ge_connecti_flow,mean mass flowrate of Ge,SOURCE 20:QMAV,[kg/s],connection_fp,connection_flow_fp,none
m_cum_fp_Ge_connecti_flow,cumulative total mass of Ge,SOURCE 20:FLOW:0,[kg],connection_fp,connection_flow_fp,none
Q_fp_Ho_connecti_flow,mean mass flowrate of Ho,SOURCE 21:QMAV,[kg/s],connection_fp,connection_flow_fp,none
m_cum_fp_Ho_connecti_flow,cumulative total mass of Ho,SOURCE 21:FLOW:0,[kg],connection_fp,connection_flow_fp,none
Q_fp_I_connecti_flow,mean mass flowrate of I,SOURCE 22:QMAV,[kg/s],connection_fp,connection_flow_fp,none
m_cum_fp_I_connecti_flow,cumulative total mass of I,SOURCE 22:FLOW:0,[kg],connection_fp,connection_flow_fp,none
Q_fp_In_connecti_flow,mean mass flowrate of In,SOURCE 23:QMAV,[kg/s],connection_fp,connection_flow_fp,none
m_cum_fp_In_connecti_flow,cumulative total mass of In,SOURCE 23:FLOW:0,[kg],connection_fp,connection_flow_fp,none
Q_fp_Kr_connecti_flow,mean mass flowrate of Kr,SOURCE 24:QMAV,[kg/s],connection_fp,connection_flow_fp,none
m_cum_fp_Kr_connecti_flow,cumulative total mass of Kr,SOURCE 24:FLOW:0,[kg],connection_fp,connection_flow_fp,none
Q_fp_La_connecti_flow,mean mass flowrate of La,SOURCE 25:QMAV,[kg/s],connection_fp,connection_flow_fp,none
m_cum_fp_La_connecti_flow,cumulative total mass of La,SOURCE 25:FLOW:0,[kg],connection_fp,connection_flow_fp,none
Q_fp_Mo_connecti_flow,mean mass flowrate of Mo,SOURCE 26:QMAV,[kg/s],connection_fp,connection_flow_fp,none
m_cum_fp_Mo_connecti_flow,cumulative total mass of Mo,SOURCE 26:FLOW:0,[kg],connection_fp,connection_flow_fp,none
Q_fp_Nb_connecti_flow,mean mass flowrate of Nb,SOURCE 27:QMAV,[kg/s],connection_fp,connection_flow_fp,none
m_cum_fp_Nb_connecti_flow,cumulative total mass of Nb,SOURCE 27:FLOW:0,[kg],connection_fp,connection_flow_fp,none
Q_fp_Nd_connecti_flow,mean mass flowrate of Nd,SOURCE 28:QMAV,[kg/s],connection_fp,connection_flow_fp,none
m_cum_fp_Nd_connecti_flow,cumulative total mass of Nd,SOURCE 28:FLOW:0,[kg],connection_fp,connection_flow_fp,none
Q_fp_Np_connecti_flow,mean mass flowrate of Np,SOURCE 29:QMAV,[kg/s],connection_fp,connection_flow_fp,none
m_cum_fp_Np_connecti_flow,cumulative total mass of Np,SOURCE 29:FLOW:0,[kg],connection_fp,connection_flow_fp,none
Q_fp_Pa_connecti_flow,mean mass flowrate of Pa,SOURCE 30:QMAV,[kg/s],connection_fp,connection_flow_fp,none
m_cum_fp_Pa_connecti_flow,cumulative total mass of Pa,SOURCE 30:FLOW:0,[kg],connection_fp,connection_flow_fp,none
Q_fp_Pd_connecti_flow,mean mass flowrate of Pd,SOURCE 31:QMAV,[kg/s],connection_fp,connection_flow_fp,none
m_cum_fp_Pd_connecti_flow,cumulative total mass of Pd,SOURCE 31:FLOW:0,[kg],connection_fp,connection_flow_fp,none
Q_fp_Pm_connecti_flow,mean mass flowrate of Pm,SOURCE 32:QMAV,[kg/s],connection_fp,connection_flow_fp,none
m_cum_fp_Pm_connecti_flow,cumulative total mass of Pm,SOURCE 32:FLOW:0,[kg],connection_fp,connection_flow_fp,none
Q_fp_Pr_connecti_flow,mean mass flowrate of Pr,SOURCE 33:QMAV,[kg/s],connection_fp,connection_flow_fp,none
m_cum_fp_Pr_connecti_flow,cumulative total mass of Pr,SOURCE 33:FLOW:0,[kg],connection_fp,connection_flow_fp,none
Q_fp_Pu_connecti_flow,mean mass flowrate of Pu,SOURCE 34:QMAV,[kg/s],connection_fp,connection_flow_fp,none
m_cum_fp_Pu_connecti_flow,cumulative total mass of Pu,SOURCE 34:FLOW:0,[kg],connection_fp,connection_flow_fp,none
Q_fp_Ra_connecti_flow,mean mass flowrate of Ra,SOURCE 35:QMAV,[kg/s],connection_fp,connection_flow_fp,none
m_cum_fp_Ra_connecti_flow,cumulative total mass of Ra,SOURCE 35:FLOW:0,[kg],connection_fp,connection_flow_fp,none
Q_fp_Rb_connecti_flow,mean mass flowrate of Rb,SOURCE 36:QMAV,[kg/s],connection_fp,connection_flow_fp,none
m_cum_fp_Rb_connecti_flow,cumulative total mass of Rb,SOURCE 36:FLOW:0,[kg],connection_fp,connection_flow_fp,none
Q_fp_Re_connecti_flow,mean mass flowrate of Re,SOURCE 37:QMAV,[kg/s],connection_fp,connection_flow_fp,none
m_cum_fp_Re_connecti_flow,cumulative total mass of Re,SOURCE 37:FLOW:0,[kg],connection_fp,connection_flow_fp,none
Q_fp_Rh_connecti_flow,mean mass flowrate of Rh,SOURCE 38:QMAV,[kg/s],connection_fp,connection_flow_fp,none
m_cum_fp_Rh_connecti_flow,cumulative total mass of Rh,SOURCE 38:FLOW:0,[kg],connection_fp,connection_flow_fp,none
Q_fp_Ru_connecti_flow,mean mass flowrate of Ru,SOURCE 39:QMAV,[kg/s],connection_fp,connection_flow_fp,none
m_cum_fp_Ru_connecti_flow,cumulative total mass of Ru,SOURCE 39:FLOW:0,[kg],connection_fp,connection_flow_fp,none
Q_fp_Sb_connecti_flow,mean mass flowrate of Sb,SOURCE 40:QMAV,[kg/s],connection_fp,connection_flow_fp,none
m_cum_fp_Sb_connecti_flow,cumulative total mass of Sb,SOURCE 40:FLOW:0,[kg],connection_fp,connection_flow_fp,none
Q_fp_Se_connecti_flow,mean mass flowrate of Se,SOURCE 41:QMAV,[kg/s],connection_fp,connection_flow_fp,none
m_cum_fp_Se_connecti_flow,cumulative total mass of Se,SOURCE 41:FLOW:0,[kg],connection_fp,connection_flow_fp,none
Q_fp_Sm_connecti_flow,mean mass flowrate of Sm,SOURCE 42:QMAV,[kg/s],connection_fp,connection_flow_fp,none
m_cum_fp_Sm_connecti_flow,cumulative total mass of Sm,SOURCE 42:FLOW:0,[kg],connection_fp,connection_flow_fp,none
Q_fp_Sn_connecti_flow,mean mass flowrate of Sn,SOURCE 43:QMAV,[kg/s],connection_fp,connection_flow_fp,none
m_cum_fp_Sn_connecti_flow,cumulative total mass of Sn,SOURCE 43:FLOW:0,[kg],connection_fp,connection_flow_fp,none
Q_fp_Sr_connecti_flow,mean mass flowrate of Sr,SOURCE 44:QMAV,[kg/s],connection_fp,connection_flow_fp,none
m_cum_fp_Sr_connecti_flow,cumulative total mass of Sr,SOURCE 44:FLOW:0,[kg],connection_fp,connection_flow_fp,none
Q_fp_Tb_connecti_flow,mean mass flowrate of Tb,SOURCE 45:QMAV,[kg/s],connection_fp,connection_flow_fp,none
m_cum_fp_Tb_connecti_flow,cumulative total mass of Tb,SOURCE 45:FLOW:0,[kg],connection_fp,connection_flow_fp,none
Q_fp_Tc_connecti_flow,mean mass flowrate of Tc,SOURCE 46:QMAV,[kg/s],connection_fp,connection_flow_fp,none
m_cum_fp_Tc_connecti_flow,cumulative total mass of Tc,SOURCE 46:FLOW:0,[kg],connection_fp,connection_flow_fp,none
Q_fp_Te_connecti_flow,mean mass flowrate of Te,SOURCE 47:QMAV,[kg/s],connection_fp,connection_flow_fp,none
m_cum_fp_Te_connecti_flow,cumulative total mass of Te,SOURCE 47:FLOW:0,[kg],connection_fp,connection_flow_fp,none
Q_fp_Th_connecti_flow,mean mass flowrate of Th,SOURCE 48:QMAV,[kg/s],connection_fp,connection_flow_fp,none
m_cum_fp_Th_connecti_flow,cumulative total mass of Th,SOURCE 48:FLOW:0,[kg],connection_fp,connection_flow_fp,none
Q_fp_Tl_connecti_flow,mean mass flowrate of Tl,SOURCE 49:QMAV,[kg/s],connection_fp,connection_flow_fp,none
m_cum_fp_Tl_connecti_flow,cumulative total mass of Tl,SOURCE 49:FLOW:0,[kg],connection_fp,connection_flow_fp,none
Q_fp_Tm_connecti_flow,mean mass flowrate of Tm,SOURCE 50:QMAV,[kg/s],connection_fp,connection_flow_fp,none
m_cum_fp_Tm_connecti_flow,cumulative total mass of Tm,SOURCE 50:FLOW:0,[kg],connection_fp,connection_flow_fp,none
Q_fp_U_connecti_flow,mean mass flowrate of U,SOURCE 51:QMAV,[kg/s],connection_fp,connection_flow_fp,none
m_cum_fp_U_connecti_flow,cumulative total mass of U,SOURCE 51:FLOW:0,[kg],connection_fp,connection_flow_fp,none
Q_fp_Xe_connecti_flow,mean mass flowrate of Xe,SOURCE 52:QMAV,[kg/s],connection_fp,connection_flow_fp,none
m_cum_fp_Xe_connecti_flow,cumulative total mass of Xe,SOURCE 52:FLOW:0,[kg],connection_fp,connection_flow_fp,none
Q_fp_Y_connecti_flow,mean mass flowrate of Y,SOURCE 53:QMAV,[kg/s],connection_fp,connection_flow_fp,none
m_cum_fp_Y_connecti_flow,cumulative total mass of Y,SOURCE 53:FLOW:0,[kg],connection_fp,connection_flow_fp,none
Q_fp_Yb_connecti_flow,mean mass flowrate of Yb,SOURCE 54:QMAV,[kg/s],connection_fp,connection_flow_fp,none
m_cum_fp_Yb_connecti_flow,cumulative total mass of Yb,SOURCE 54:FLOW:0,[kg],connection_fp,connection_flow_fp,none
Q_fp_Zn_connecti_flow,mean mass flowrate of Zn,SOURCE 55:QMAV,[kg/s],connection_fp,connection_flow_fp,none
m_cum_fp_Zn_connecti_flow,cumulative total mass of Zn,SOURCE 55:FLOW:0,[kg],connection_fp,connection_flow_fp,none
Q_fp_Zr_connecti_flow,mean mass flowrate of Zr,SOURCE 56:QMAV,[kg/s],connection_fp,connection_flow_fp,none
m_cum_fp_Zr_connecti_flow,cumulative total mass of Zr,SOURCE 56:FLOW:0,[kg],connection_fp,connection_flow_fp,none
Q_fp_SMAG_connecti_flow,mean mass flowrate of SMAG,SOURCE 57:QMAV,[kg/s],connection_fp,connection_flow_fp,none
m_cum_fp_SMAG_connecti_flow,cumulative total mass of SMAG,SOURCE 57:FLOW:0,[kg],connection_fp,connection_flow_fp,none
Q_fp_SMB_connecti_flow,mean mass flowrate of SMB,SOURCE 58:QMAV,[kg/s],connection_fp,connection_flow_fp,none
m_cum_fp_SMB_connecti_flow,cumulative total mass of SMB,SOURCE 58:FLOW:0,[kg],connection_fp,connection_flow_fp,none
Q_fp_SMC_connecti_flow,mean mass flowrate of SMC,SOURCE 59:QMAV,[kg/s],connection_fp,connection_flow_fp,none
m_cum_fp_SMC_connecti_flow,cumulative total mass of SMC,SOURCE 59:FLOW:0,[kg],connection_fp,connection_flow_fp,none
Q_fp_SMCD_connecti_flow,mean mass flowrate of SMCD,SOURCE 60:QMAV,[kg/s],connection_fp,connection_flow_fp,none
m_cum_fp_SMCD_connecti_flow,cumulative total mass of SMCD,SOURCE 60:FLOW:0,[kg],connection_fp,connection_flow_fp,none
Q_fp_SMCL_connecti_flow,mean mass flowrate of SMCL,SOURCE 61:QMAV,[kg/s],connection_fp,connection_flow_fp,none
m_cum_fp_SMCL_connecti_flow,cumulative total mass of SMCL,SOURCE 61:FLOW:0,[kg],connection_fp,connection_flow_fp,none
Q_fp_SMCR_connecti_flow,mean mass flowrate of SMCR,SOURCE 62:QMAV,[kg/s],connection_fp,connection_flow_fp,none
m_cum_fp_SMCR_connecti_flow,cumulative total mass of SMCR,SOURCE 62:FLOW:0,[kg],connection_fp,connection_flow_fp,none
Q_fp_SMFE_connecti_flow,mean mass flowrate of SMFE,SOURCE 63:QMAV,[kg/s],connection_fp,connection_flow_fp,none
m_cum_fp_SMFE_connecti_flow,cumulative total mass of SMFE,SOURCE 63:FLOW:0,[kg],connection_fp,connection_flow_fp,none
Q_fp_SMIN_connecti_flow,mean mass flowrate of SMIN,SOURCE 64:QMAV,[kg/s],connection_fp,connection_flow_fp,none
m_cum_fp_SMIN_connecti_flow,cumulative total mass of SMIN,SOURCE 64:FLOW:0,[kg],connection_fp,connection_flow_fp,none
Q_fp_SMMN_connecti_flow,mean mass flowrate of SMMN,SOURCE 65:QMAV,[kg/s],connection_fp,connection_flow_fp,none
m_cum_fp_SMMN_connecti_flow,cumulative total mass of SMMN,SOURCE 65:FLOW:0,[kg],connection_fp,connection_flow_fp,none
Q_fp_SMNI_connecti_flow,mean mass flowrate of SMNI,SOURCE 66:QMAV,[kg/s],connection_fp,connection_flow_fp,none
m_cum_fp_SMNI_connecti_flow,cumulative total mass of SMNI,SOURCE 66:FLOW:0,[kg],connection_fp,connection_flow_fp,none
Q_fp_SMSI_connecti_flow,mean mass flowrate of SMSI,SOURCE 67:QMAV,[kg/s],connection_fp,connection_flow_fp,none
m_cum_fp_SMSI_connecti_flow,cumulative total mass of SMSI,SOURCE 67:FLOW:0,[kg],connection_fp,connection_flow_fp,none
Q_fp_SMSN_connecti_flow,mean mass flowrate of SMSN,SOURCE 68:QMAV,[kg/s],connection_fp,connection_flow_fp,none
m_cum_fp_SMSN_connecti_flow,cumulative total mass of SMSN,SOURCE 68:FLOW:0,[kg],connection_fp,connection_flow_fp,none
Q_fp_SMZR_connecti_flow,mean mass flowrate of SMZR,SOURCE 69:QMAV,[kg/s],connection_fp,connection_flow_fp,none
m_cum_fp_SMZR_connecti_flow,cumulative total mass of SMZR,SOURCE 69:FLOW:0,[kg],connection_fp,connection_flow_fp,none
Q_fp_Ag_connecti_break,mean mass flowrate of Ag,SOURCE 4:QMAV,[kg/s],connection_fp,connection_break,connection_break
Q_fp_Am_connecti_break,mean mass flowrate of Am,SOURCE 5:QMAV,[kg/s],connection_fp,connection_break,connection_break
Q_fp_As_connecti_break,mean mass flowrate of As,SOURCE 6:QMAV,[kg/s],connection_fp,connection_break,connection_break
Q_fp_B_connecti_break,mean mass flowrate of B,SOURCE 7:QMAV,[kg/s],connection_fp,connection_break,connection_break
Q_fp_Ba_connecti_break,mean mass flowrate of Ba,SOURCE 8:QMAV,[kg/s],connection_fp,connection_break,connection_break
Q_fp_Br_connecti_break,mean mass flowrate of Br,SOURCE 9:QMAV,[kg/s],connection_fp,connection_break,connection_break
Q_fp_C_connecti_break,mean mass flowrate of C,SOURCE 10:QMAV,[kg/s],connection_fp,connection_break,connection_break
Q_fp_Cd_connecti_break,mean mass flowrate of Cd,SOURCE 11:QMAV,[kg/s],connection_fp,connection_break,connection_break
Q_fp_Ce_connecti_break,mean mass flowrate of Ce,SOURCE 12:QMAV,[kg/s],connection_fp,connection_break,connection_break
Q_fp_Cl_connecti_break,mean mass flowrate of Cl,SOURCE 13:QMAV,[kg/s],connection_fp,connection_break,connection_break
Q_fp_Cm_connecti_break,mean mass flowrate of Cm,SOURCE 14:QMAV,[kg/s],connection_fp,connection_break,connection_break
Q_fp_Cr_connecti_break,mean mass flowrate of Cr,SOURCE 15:QMAV,[kg/s],connection_fp,connection_break,connection_break
Q_fp_Cs_connecti_break,mean mass flowrate of Cs,SOURCE 16:QMAV,[kg/s],connection_fp,connection_break,connection_break
Q_fp_Cu_connecti_break,mean mass flowrate of Cu,SOURCE 17:QMAV,[kg/s],connection_fp,connection_break,connection_break
Q_fp_Eu_connecti_break,mean mass flowrate of Eu,SOURCE 18:QMAV,[kg/s],connection_fp,connection_break,connection_break
Q_fp_Fe_connecti_break,mean mass flowrate of Fe,SOURCE 19:QMAV,[kg/s],connection_fp,connection_break,connection_break
Q_fp_Ga_connecti_break,mean mass flowrate of Ga,SOURCE 20:QMAV,[kg/s],connection_fp,connection_break,connection_break
Q_fp_Gd_connecti_break,mean mass flowrate of Gd,SOURCE 21:QMAV,[kg/s],connection_fp,connection_break,connection_break
Q_fp_Ge_connecti_break,mean mass flowrate of Ge,SOURCE 22:QMAV,[kg/s],connection_fp,connection_break,connection_break
Q_fp_I_connecti_break,mean mass flowrate of I,SOURCE 23:QMAV,[kg/s],connection_fp,connection_break,connection_break
Q_fp_In_connecti_break,mean mass flowrate of In,SOURCE 24:QMAV,[kg/s],connection_fp,connection_break,connection_break
Q_fp_Kr_connecti_break,mean mass flowrate of Kr,SOURCE 25:QMAV,[kg/s],connection_fp,connection_break,connection_break
Q_fp_La_connecti_break,mean mass flowrate of La,SOURCE 26:QMAV,[kg/s],connection_fp,connection_break,connection_break
Q_fp_Mn_connecti_break,mean mass flowrate of Mn,SOURCE 27:QMAV,[kg/s],connection_fp,connection_break,connection_break
Q_fp_Mo_connecti_break,mean mass flowrate of Mo,SOURCE 28:QMAV,[kg/s],connection_fp,connection_break,connection_break
Q_fp_Nb_connecti_break,mean mass flowrate of Nb,SOURCE 29:QMAV,[kg/s],connection_fp,connection_break,connection_break
Q_fp_Nd_connecti_break,mean mass flowrate of Nd,SOURCE 30:QMAV,[kg/s],connection_fp,connection_break,connection_break
Q_fp_Ni_connecti_break,mean mass flowrate of Ni,SOURCE 31:QMAV,[kg/s],connection_fp,connection_break,connection_break
Q_fp_Np_connecti_break,mean mass flowrate of Np,SOURCE 32:QMAV,[kg/s],connection_fp,connection_break,connection_break
Q_fp_Pd_connecti_break,mean mass flowrate of Pd,SOURCE 33:QMAV,[kg/s],connection_fp,connection_break,connection_break
Q_fp_Pm_connecti_break,mean mass flowrate of Pm,SOURCE 34:QMAV,[kg/s],connection_fp,connection_break,connection_break
Q_fp_Pr_connecti_break,mean mass flowrate of Pr,SOURCE 35:QMAV,[kg/s],connection_fp,connection_break,connection_break
Q_fp_Pu_connecti_break,mean mass flowrate of Pu,SOURCE 36:QMAV,[kg/s],connection_fp,connection_break,connection_break
Q_fp_Rb_connecti_break,mean mass flowrate of Rb,SOURCE 37:QMAV,[kg/s],connection_fp,connection_break,connection_break
Q_fp_Re_connecti_break,mean mass flowrate of Re,SOURCE 38:QMAV,[kg/s],connection_fp,connection_break,connection_break
Q_fp_Rh_connecti_break,mean mass flowrate of Rh,SOURCE 39:QMAV,[kg/s],connection_fp,connection_break,connection_break
Q_fp_Ru_connecti_break,mean mass flowrate of Ru,SOURCE 40:QMAV,[kg/s],connection_fp,connection_break,connection_break
Q_fp_Sb_connecti_break,mean mass flowrate of Sb,SOURCE 41:QMAV,[kg/s],connection_fp,connection_break,connection_break
Q_fp_Se_connecti_break,mean mass flowrate of Se,SOURCE 42:QMAV,[kg/s],connection_fp,connection_break,connection_break
Q_fp_Si_connecti_break,mean mass flowrate of Si,SOURCE 43:QMAV,[kg/s],connection_fp,connection_break,connection_break
Q_fp_Sm_connecti_break,mean mass flowrate of Sm,SOURCE 44:QMAV,[kg/s],connection_fp,connection_break,connection_break
Q_fp_Sn_connecti_break,mean mass flowrate of Sn,SOURCE 45:QMAV,[kg/s],connection_fp,connection_break,connection_break
Q_fp_Sr_connecti_break,mean mass flowrate of Sr,SOURCE 46:QMAV,[kg/s],connection_fp,connection_break,connection_break
Q_fp_Tc_connecti_break,mean mass flowrate of Tc,SOURCE 47:QMAV,[kg/s],connection_fp,connection_break,connection_break
Q_fp_Te_connecti_break,mean mass flowrate of Te,SOURCE 48:QMAV,[kg/s],connection_fp,connection_break,connection_break
Q_fp_Th_connecti_break,mean mass flowrate of Th,SOURCE 49:QMAV,[kg/s],connection_fp,connection_break,connection_break
Q_fp_U_connecti_break,mean mass flowrate of U,SOURCE 50:QMAV,[kg/s],connection_fp,connection_break,connection_break
Q_fp_Xe_connecti_break,mean mass flowrate of Xe,SOURCE 51:QMAV,[kg/s],connection_fp,connection_break,connection_break
Q_fp_Y_connecti_break,mean mass flowrate of Y,SOURCE 52:QMAV,[kg/s],connection_fp,connection_break,connection_break
Q_fp_Zn_connecti_break,mean mass flowrate of Zn,SOURCE 53:QMAV,[kg/s],connection_fp,connection_break,connection_break
Q_fp_Zr_connecti_break,mean mass flowrate of Zr,SOURCE 54:QMAV,[kg/s],connection_fp,connection_break,connection_break
Q_fp_Ac_connecti_break,mean mass flowrate of Ac,SOURCE 55:QMAV,[kg/s],connection_fp,connection_break,connection_break
Q_fp_Dy_connecti_break,mean mass flowrate of Dy,SOURCE 56:QMAV,[kg/s],connection_fp,connection_break,connection_break
Q_fp_Er_connecti_break,mean mass flowrate of Er,SOURCE 57:QMAV,[kg/s],connection_fp,connection_break,connection_break
Q_fp_Ho_connecti_break,mean mass flowrate of Ho,SOURCE 58:QMAV,[kg/s],connection_fp,connection_break,connection_break
Q_fp_Pa_connecti_break,mean mass flowrate of Pa,SOURCE 59:QMAV,[kg/s],connection_fp,connection_break,connection_break
Q_fp_Ra_connecti_break,mean mass flowrate of Ra,SOURCE 60:QMAV,[kg/s],connection_fp,connection_break,connection_break
Q_fp_Tb_connecti_break,mean mass flowrate of Tb,SOURCE 61:QMAV,[kg/s],connection_fp,connection_break,connection_break
Q_fp_Tl_connecti_break,mean mass flowrate of Tl,SOURCE 62:QMAV,[kg/s],connection_fp,connection_break,connection_break
Q_fp_Tm_connecti_break,mean mass flowrate of Tm,SOURCE 63:QMAV,[kg/s],connection_fp,connection_break,connection_break
Q_fp_Yb_connecti_break,mean mass flowrate of Yb,SOURCE 64:QMAV,[kg/s],connection_fp,connection_break,connection_break
Q_fp_I_NG_connecti_break,mean mass flowrate of I_NG,SOURCE 65:QMAV,[kg/s],connection_fp,connection_break,connection_break
Q_fp_I2_connecti_break,mean mass flowrate of I2,SOURCE 66:QMAV,[kg/s],connection_fp,connection_break,connection_break
Q_fp_SMAG_connecti_break,mean mass flowrate of SMAG,SOURCE 67:QMAV,[kg/s],connection_fp,connection_break,connection_break
Q_fp_SMB_connecti_break,mean mass flowrate of SMB,SOURCE 68:QMAV,[kg/s],connection_fp,connection_break,connection_break
Q_fp_SMC_connecti_break,mean mass flowrate of SMC,SOURCE 69:QMAV,[kg/s],connection_fp,connection_break,connection_break
Q_fp_SMCD_connecti_break,mean mass flowrate of SMCD,SOURCE 70:QMAV,[kg/s],connection_fp,connection_break,connection_break
Q_fp_SMCL_connecti_break,mean mass flowrate of SMCL,SOURCE 71:QMAV,[kg/s],connection_fp,connection_break,connection_break
Q_fp_SMCR_connecti_break,mean mass flowrate of SMCR,SOURCE 72:QMAV,[kg/s],connection_fp,connection_break,connection_break
Q_fp_SMFE_connecti_break,mean mass flowrate of SMFE,SOURCE 73:QMAV,[kg/s],connection_fp,connection_break,connection_break
Q_fp_SMIN_connecti_break,mean mass flowrate of SMIN,SOURCE 74:QMAV,[kg/s],connection_fp,connection_break,connection_break
Q_fp_SMMN_connecti_break,mean mass flowrate of SMMN,SOURCE 75:QMAV,[kg/s],connection_fp,connection_break,connection_break
Q_fp_SMNI_connecti_break,mean mass flowrate of SMNI,SOURCE 76:QMAV,[kg/s],connection_fp,connection_break,connection_break
Q_fp_SMSI_connecti_break,mean mass flowrate of SMSI,SOURCE 77:QMAV,[kg/s],connection_fp,connection_break,connection_break
Q_fp_SMSN_connecti_break,mean mass flowrate of SMSN,SOURCE 78:QMAV,[kg/s],connection_fp,connection_break,connection_break
Q_fp_SMZR_connecti_break,mean mass flowrate of SMZR,SOURCE 79:QMAV,[kg/s],connection_fp,connection_break,connection_break
